<?xml version="1.0" encoding="UTF-8"?>
<kml xmlns="http://www.opengis.net/kml/2.2">
<Document>
    <name>ATR72-600F LBG Adjusted Coordinates</name>
    <Style id="cyanLine">
        <LineStyle>
            <color>ff00ffff</color>
            <width>2</width>
        </LineStyle>
    </Style>
    <Placemark>
        <name>Path</name>
        <styleUrl>#cyanLine</styleUrl>
        <LineString>
            <altitudeMode>relativeToGround</altitudeMode>
            <coordinates>
                -0.7763,51.2758,-14.469045000000001
                -0.7762965602083016,51.27579849326669,-14.843914999999999
                -0.7762816564190821,51.27579806882698,-15.129615000000001
                -0.7762651466038035,51.2757944993499,-15.564961
                -0.7762572932026595,51.27579350087071,-15.564961
                -0.7762528795932332,51.27579400912482,-15.564961
                -0.7762484659838005,51.275794517378934,-15.665626
                -0.7762431924264431,51.27579464894972,-15.665626
                -0.7762439954394662,51.27579622146841,-15.526979
                -0.77624307855664,51.27579704062045,-15.407132
                -0.7762481813092924,51.275800496555775,-14.770859999999999
                -0.7762636603719346,51.275807276855645,-13.490768
                -0.7762748396949541,51.275812173738885,-12.561495
                -0.7762782794866525,51.27581368047219,-12.301120999999998
                -0.7762773626038132,51.275814499624246,-12.301120999999998
                -0.7762738658772194,51.2758141887263,-12.301120999999998
                -0.7762720321115539,51.2758158270304,-12.066500000000001
                -0.7762754149683442,51.27581852959908,-11.822015
                -0.776274498085518,51.27581934875112,-11.715962999999999
                -0.776272721254767,51.27581979121984,-11.715962999999999
                -0.7762717474370328,51.275821806207254,-11.539873
                -0.7762708305542064,51.2758226253593,-11.410345
                -0.7762699136713737,51.275823444511346,-11.283726999999999
                -0.7762689967885474,51.27582426366339,-11.159697999999999
                -0.7762698567364722,51.27582464034671,-11.038893000000002
                -0.7762680229708067,51.275826278650804,-10.924133999999999
                -0.7762671060879869,51.275827097802846,-10.924133999999999
                -0.7762661892051671,51.27582791695488,-10.785388000000001
                -0.7762652723223279,51.27582873610693,-10.785388000000001
                -0.7762643554395017,51.27582955525897,-10.617462
                -0.7762634385566689,51.27583037441102,-10.515691
                -0.7762616047910164,51.27583201271511,-10.515691
                -0.7762606879081836,51.275832831867156,-10.350660999999999
                -0.7762606309732817,51.27583402770252,-10.350660999999999
                -0.7762587972076161,51.27583566600662,-10.195160000000001
                -0.7762578803247964,51.275836485158656,-9.996213000000001
                -0.7762587402727211,51.27583686184198,-9.996213000000001
                -0.7762578233899013,51.27583768099402,-9.785017
                -0.7762569065070556,51.27583850014608,-9.679105
                -0.7762569065070556,51.27583850014608,-9.570567
                -0.7762551296763112,51.27583894261479,-9.570567
                -0.7762542127934849,51.27583976176683,-9.570567
                -0.7762533528455606,51.27583938508351,-9.459637
                -0.7762524359627279,51.27584020423556,-9.459637
                -0.7762515760148031,51.275839827552225,-9.459637
                -0.7762506591319769,51.27584064670427,-9.346471000000001
                -0.7762497991840522,51.27584027002094,-9.346471000000001
                -0.7762488823012195,51.27584108917299,-9.214637
                -0.7762488823012195,51.27584108917299,-9.214637
                -0.7762479654183931,51.275841908325035,-9.100767000000001
                -0.7762488823012195,51.27584108917299,-9.100767000000001
                -0.7762506591319769,51.27584064670427,-8.876747000000002
                -0.7762497991840522,51.27584027002094,-8.876747000000002
                -0.7762488823012195,51.27584108917299,-8.719217
                -0.776245328639718,51.27584197411043,-8.832487
                -0.7762426918610358,51.27584203989582,-9.017935999999999
                -0.7762435518089604,51.275842416579145,-8.915918000000001
                -0.7762426349261342,51.27584323573119,-8.806441
                -0.7762426349261342,51.27584323573119,-8.668223999999999
                -0.7762443548219836,51.275843989097844,-8.459195000000001
                -0.7762452147699079,51.27584436578117,-8.261866999999999
                -0.7762460747178326,51.27584474246449,-8.261866999999999
                -0.7762451578350129,51.27584556161653,-8.119518
                -0.7762451578350129,51.27584556161653,-8.119518
                -0.7762433810042424,51.27584600408526,-8.119518
                -0.776239884277649,51.27584569318732,-8.119518
                -0.7762398273427474,51.27584688902269,-8.226137000000001
                -0.7762424071865212,51.27584801907267,-8.048886
                -0.7762424071865212,51.27584801907267,-8.048886
                -0.7762424071865212,51.27584801907267,-8.048886
                -0.7762414903036884,51.27584883822472,-7.931073999999999
                -0.776242350251613,51.27584921490804,-7.931073999999999
                -0.776242350251613,51.27584921490804,-7.931073999999999
                -0.7762414333687868,51.275850034060085,-7.8109210000000004
                -0.7762422933167111,51.27585041074341,-7.667715000000001
                -0.7762422933167111,51.27585041074341,-7.667715000000001
                -0.7762431532646358,51.275850787426734,-7.519487999999999
                -0.7762422363818096,51.275851606578776,-7.519487999999999
                -0.7762422363818096,51.275851606578776,-7.418240999999998
                -0.7762422363818096,51.275851606578776,-7.418240999999998
                -0.7762413194989768,51.275852425730825,-7.418240999999998
                -0.7762421794469014,51.27585280241415,-7.295688999999999
                -0.7762413194989768,51.275852425730825,-7.295688999999999
                -0.7762404026161506,51.27585324488287,-7.295688999999999
                -0.7762404026161506,51.27585324488287,-7.191510999999998
                -0.7762404026161506,51.27585324488287,-7.191510999999998
                -0.7762404026161506,51.27585324488287,-7.191510999999998
                -0.7762412625640752,51.27585362156619,-7.059260999999999
                -0.776240345681249,51.275854440718234,-7.059260999999999
                -0.776240345681249,51.275854440718234,-7.059260999999999
                -0.7762394287984162,51.27585525987028,-6.920676
                -0.7762394287984162,51.27585525987028,-6.920676
                -0.7762394287984162,51.27585525987028,-6.920676
                -0.7762385119155965,51.27585607902232,-6.920676
                -0.7762385119155965,51.27585607902232,-6.8161999999999985
                -0.7762385119155965,51.27585607902232,-6.8161999999999985
                -0.776236735084826,51.27585652149106,-6.8161999999999985
                -0.776236735084826,51.27585652149106,-6.712116000000009
                -0.776236735084826,51.27585652149106,-6.712116000000009
                -0.7762358182020063,51.27585734064309,-6.712116000000009
                -0.7762349582540816,51.27585696395977,-6.597511999999998
                -0.7762358182020063,51.27585734064309,-6.597511999999998
                -0.7762349582540816,51.27585696395977,-6.468094000000001
                -0.7762349582540816,51.27585696395977,-6.468094000000001
                -0.7762340983061573,51.27585658727644,-6.468094000000001
                -0.776233181423318,51.27585740642849,-6.3209209999999985
                -0.7762323214753933,51.27585702974517,-6.3209209999999985
                -0.7762323214753933,51.27585702974517,-6.3209209999999985
                -0.7762323214753933,51.27585702974517,-6.214161000000001
                -0.7762314615274686,51.275856653061844,-6.214161000000001
                -0.7762314615274686,51.275856653061844,-6.214161000000001
                -0.7762296846967246,51.275857095530554,-6.214161000000001
                -0.7762296846967246,51.275857095530554,-6.0944530000000015
                -0.7762296846967246,51.275857095530554,-6.0944530000000015
                -0.7762279078659736,51.275857537999265,-6.0944530000000015
                -0.7762279078659736,51.275857537999265,-5.991565999999999
                -0.7762279078659736,51.275857537999265,-5.991565999999999
                -0.7762270479180489,51.27585716131594,-5.991565999999999
                -0.7762270479180489,51.27585716131594,-5.991565999999999
                -0.7762261310352226,51.27585798046798,-5.8753480000000025
                -0.7762261310352226,51.27585798046798,-5.8753480000000025
                -0.7762261310352226,51.27585798046798,-5.8753480000000025
                -0.7762357043321962,51.27585973231383,-4.9708710000000025
                -0.7762504942516192,51.27586254842427,-3.8938010000000034
                -0.776254793991242,51.27586443184091,-3.5803119999999993
                -0.7762530740953929,51.27586367847425,-3.5803119999999993
                -0.7762530740953929,51.27586367847425,-3.5803119999999993
                -0.7762530740953929,51.27586367847425,-3.5803119999999993
                -0.7762522141474683,51.27586330179093,-3.5803119999999993
                -0.7762513541995439,51.2758629251076,-3.5803119999999993
                -0.7762513541995439,51.2758629251076,-3.5803119999999993
                -0.7762495773687995,51.275863367576314,-3.723264999999998
                -0.7762487174208748,51.27586299089298,-3.723264999999998
                -0.7762487174208748,51.27586299089298,-3.723264999999998
                -0.7762478574729504,51.27586261420966,-3.723264999999998
                -0.7762495773687995,51.275863367576314,-3.568393999999998
                -0.7762512972646485,51.27586412094296,-3.2990289999999973
                -0.7762504373167242,51.27586374425964,-3.2990289999999973
                -0.776249520433885,51.27586456341169,-3.2990289999999973
                -0.7762486604859602,51.27586418672836,-3.2990289999999973
                -0.7762478005380355,51.27586381004504,-3.2990289999999973
                -0.7762478005380355,51.27586381004504,-3.2990289999999973
                -0.7762469405901112,51.275863433361714,-3.2990289999999973
                -0.7762451637593668,51.275863875830424,-3.406990999999998
                -0.7762451637593668,51.275863875830424,-3.406990999999998
                -0.776244303811442,51.27586349914709,-3.406990999999998
                -0.7762425269806912,51.27586394161581,-3.519804999999998
                -0.7762416670327669,51.275863564932486,-3.519804999999998
                -0.7762416670327669,51.275863564932486,-3.519804999999998
                -0.7762408070848421,51.27586318824916,-3.519804999999998
                -0.7762408070848421,51.27586318824916,-3.519804999999998
                -0.7762399471369175,51.27586281156584,-3.519804999999998
                -0.7762381703061668,51.27586325403455,-3.519804999999998
                -0.7762381703061668,51.27586325403455,-3.6214330000000032
                -0.7762373103582422,51.27586287735122,-3.6214330000000032
                -0.7762363934754094,51.27586369650327,-3.5102880000000027
                -0.7762363365405078,51.27586489233864,-3.2535250000000033
                -0.7762363365405078,51.27586489233864,-3.2535250000000033
                -0.7762354765925832,51.275864515655314,-3.2535250000000033
                -0.7762354765925832,51.275864515655314,-3.2535250000000033
                -0.7762346166446584,51.27586413897199,-3.2535250000000033
                -0.7762346166446584,51.27586413897199,-3.2535250000000033
                -0.7762328398139079,51.2758645814407,-3.2535250000000033
                -0.7762319798659832,51.275864204757376,-3.382292999999997
                -0.7762319798659832,51.275864204757376,-3.382292999999997
                -0.7762311199180585,51.27586382807405,-3.382292999999997
                -0.7762302599701342,51.27586345139073,-3.382292999999997
                -0.7762302599701342,51.27586345139073,-3.382292999999997
                -0.7762302599701342,51.27586345139073,-3.382292999999997
                -0.7762302599701342,51.27586345139073,-3.382292999999997
                -0.7762302599701342,51.27586345139073,-3.382292999999997
                -0.7762284831393768,51.275863893859444,-3.382292999999997
                -0.7762284831393768,51.275863893859444,-3.382292999999997
                -0.7762284831393768,51.275863893859444,-3.269798999999999
                -0.776227623191452,51.27586351717612,-3.269798999999999
                -0.776227623191452,51.27586351717612,-3.269798999999999
                -0.7762267632435277,51.275863140492795,-3.269798999999999
                -0.7762267632435277,51.275863140492795,-3.269798999999999
                -0.776225903295603,51.27586276380947,-3.269798999999999
                -0.776225903295603,51.27586276380947,-3.269798999999999
                -0.776225903295603,51.27586276380947,-3.269798999999999
                -0.7762250433476784,51.27586238712614,-3.269798999999999
                -0.7762241264648586,51.27586320627818,-3.269798999999999
                -0.7762241264648586,51.27586320627818,-3.269798999999999
                -0.7762241264648586,51.27586320627818,-3.269798999999999
                -0.7762241264648586,51.27586320627818,-3.269798999999999
                -0.7762241264648586,51.27586320627818,-3.269798999999999
                -0.7762241264648586,51.27586320627818,-3.269798999999999
                -0.7762241264648586,51.27586320627818,-3.269798999999999
                -0.7762241264648586,51.27586320627818,-3.269798999999999
                -0.7762232665169343,51.27586282959485,-3.269798999999999
                -0.7762241264648586,51.27586320627818,-3.147694999999999
                -0.7762241264648586,51.27586320627818,-3.147694999999999
                -0.7762241264648586,51.27586320627818,-3.147694999999999
                -0.7762241264648586,51.27586320627818,-3.0405620000000013
                -0.7762241264648586,51.27586320627818,-3.0405620000000013
                -0.7762249864127833,51.275863582961506,-3.0405620000000013
                -0.7762249864127833,51.275863582961506,-3.0405620000000013
                -0.7762249864127833,51.275863582961506,-3.0405620000000013
                -0.7762249864127833,51.275863582961506,-3.0405620000000013
                -0.7762240695299505,51.275864402113555,-3.0405620000000013
                -0.7762222926991931,51.27586484458227,-3.165593000000001
                -0.7762205158684491,51.27586528705098,-3.2728859999999997
                -0.7762205158684491,51.27586528705098,-3.2728859999999997
                -0.7762213758163734,51.27586566373431,-3.1365160000000003
                -0.7762213758163734,51.27586566373431,-3.1365160000000003
                -0.7762186821027836,51.27586692535508,-3.1365160000000003
                -0.7762160453240948,51.27586699114048,-3.300421
                -0.7762169052720196,51.27586736782381,-3.300421
                -0.7762169052720196,51.27586736782381,-3.300421
                -0.7762169052720196,51.27586736782381,-3.300421
                -0.7762177652199442,51.27586774450714,-3.300421
                -0.7762177082850488,51.2758689403425,-3.180190000000003
                -0.7762185682329735,51.27586931702582,-3.180190000000003
                -0.7762185682329735,51.27586931702582,-3.180190000000003
                -0.7762185682329735,51.27586931702582,-3.180190000000003
                -0.7762150715063736,51.275869006127884,-3.3192049999999966
                -0.7762133516105242,51.275868252761235,-3.519091000000003
                -0.7762142115584488,51.27586862944456,-3.519091000000003
                -0.7762176513501473,51.275870136177865,-3.346224999999997
                -0.7762193143110947,51.27587208537989,-3.038243999999999
                -0.7762193143110947,51.27587208537989,-3.038243999999999
                -0.7762193143110947,51.27587208537989,-3.038243999999999
                -0.7762201742590195,51.27587246206321,-3.038243999999999
                -0.7762201742590195,51.27587246206321,-3.038243999999999
                -0.7762201742590195,51.27587246206321,-3.038243999999999
                -0.7762201742590195,51.27587246206321,-3.038243999999999
                -0.7762193143110947,51.27587208537989,-3.038243999999999
                -0.77621845436317,51.27587170869656,-3.2119360000000015
                -0.77621845436317,51.27587170869656,-3.2119360000000015
                -0.776216734467321,51.27587095532991,-3.3876240000000024
                -0.7762115178448652,51.27586989106533,-3.813642999999999
                -0.7762097979490161,51.27586913769867,-4.013908999999998
                -0.7762072181052424,51.2758680076487,-4.202869999999997
                -0.7762089380010915,51.275868761015346,-4.202869999999997
                -0.7762123777927898,51.27587026774865,-3.8217700000000008
                -0.7762114609099701,51.275871086900686,-3.8217700000000008
                -0.7762114609099701,51.275871086900686,-3.8217700000000008
                -0.7762114609099701,51.275871086900686,-3.8217700000000008
                -0.7762123208578948,51.27587146358401,-3.6942049999999966
                -0.7762123208578948,51.27587146358401,-3.6942049999999966
                -0.7762123208578948,51.27587146358401,-3.6942049999999966
                -0.7762122639229867,51.27587265941939,-3.6942049999999966
                -0.7762122639229867,51.27587265941939,-3.6942049999999966
                -0.7762122639229867,51.27587265941939,-3.6942049999999966
                -0.7762122639229867,51.27587265941939,-3.6942049999999966
                -0.776213123870911,51.275873036102716,-3.6942049999999966
                -0.776214786831852,51.27587498530474,-3.357053999999998
                -0.7762165067277014,51.275875738671395,-2.9277939999999987
                -0.7762173097407307,51.27587731119008,-2.9277939999999987
                -0.7762190296365796,51.275878064556736,-2.7419050000000027
                -0.7762190296365796,51.275878064556736,-2.7419050000000027
                -0.7762190296365796,51.275878064556736,-2.7419050000000027
                -0.7762190296365796,51.275878064556736,-2.7419050000000027
                -0.7762190296365796,51.275878064556736,-2.7419050000000027
                -0.7762181696886553,51.27587768787341,-2.7419050000000027
                -0.776216449792806,51.275876934506755,-2.8887360000000015
                -0.7762104870922293,51.27587310188811,-3.464334000000001
                -0.776211403975062,51.27587228273606,-3.464334000000001
                -0.7762243601288387,51.27587673715058,-2.624513999999998
                -0.7762320996601602,51.27588012730052,-2.0639889999999994
                -0.7762295198163864,51.27587899725054,-2.1892560000000003
                -0.7762321565950552,51.27587893146515,-1.9694069999999968
                -0.7762424190352549,51.27588464750043,-0.8122740000000022
                -0.7762475217878942,51.27588810343576,-0.015707999999996503
                -0.7762475217878942,51.27588810343576,-0.015707999999996503
                -0.7762466618399696,51.27588772675244,-0.015707999999996503
                -0.7762466618399696,51.27588772675244,-0.14661600000000163
                -0.776245801892045,51.27588735006911,-0.14661600000000163
                -0.776245801892045,51.27588735006911,-0.14661600000000163
                -0.776245801892045,51.27588735006911,-0.14661600000000163
                -0.7762449419441206,51.27588697338578,-0.2599650000000011
                -0.7762440250612879,51.27588779253783,-0.2599650000000011
                -0.7762440250612879,51.27588779253783,-0.2599650000000011
                -0.7762440250612879,51.27588779253783,-0.2599650000000011
                -0.7762440250612879,51.27588779253783,-0.2599650000000011
                -0.7762483817358186,51.275888480119086,-0.009265999999996666
                -0.7762526814754417,51.275890363535716,0.33593700000000126
                -0.7762509615795923,51.27588961016907,0.33593700000000126
                -0.7762466618399696,51.27588772675244,0.047137999999996794
                -0.7762458588269534,51.27588615423374,-0.19190100000000143
                -0.7762492986186513,51.27588766096704,-0.19190100000000143
                -0.7762501585665761,51.27588803765037,-0.19190100000000143
                -0.7762501585665761,51.27588803765037,-0.19190100000000143
                -0.7762509615795923,51.27588961016907,0.009532999999997571
                -0.7762509615795923,51.27588961016907,0.009532999999997571
                -0.7762509615795923,51.27588961016907,0.009532999999997571
                -0.776250101631668,51.27588923348574,-0.09265299999999854
                -0.776250101631668,51.27588923348574,-0.09265299999999854
                -0.7762510185145007,51.27588841433369,-0.09265299999999854
                -0.7762510185145007,51.27588841433369,-0.09265299999999854
                -0.7762501585665761,51.27588803765037,-0.22679600000000022
                -0.7762501585665761,51.27588803765037,-0.22679600000000022
                -0.7762501585665761,51.27588803765037,-0.22679600000000022
                -0.7762492986186513,51.27588766096704,-0.22679600000000022
                -0.7762483817358186,51.275888480119086,-0.22679600000000022
                -0.7762475217878942,51.27588810343576,-0.22679600000000022
                -0.7762475217878942,51.27588810343576,-0.3315150000000031
                -0.7762475217878942,51.27588810343576,-0.3315150000000031
                -0.7762475217878942,51.27588810343576,-0.3315150000000031
                -0.7762466618399696,51.27588772675244,-0.3315150000000031
                -0.7762466618399696,51.27588772675244,-0.3315150000000031
                -0.7762466618399696,51.27588772675244,-0.447772999999998
                -0.7762466618399696,51.27588772675244,-0.447772999999998
                -0.7762466618399696,51.27588772675244,-0.447772999999998
                -0.776245801892045,51.27588735006911,-0.5684609999999992
                -0.776245801892045,51.27588735006911,-0.5684609999999992
                -0.7762449419441206,51.27588697338578,-0.5684609999999992
                -0.7762449419441206,51.27588697338578,-0.5684609999999992
                -0.7762449419441206,51.27588697338578,-0.6886140000000012
                -0.7762449419441206,51.27588697338578,-0.6886140000000012
                -0.7762431651133631,51.275887415854505,-0.6886140000000012
                -0.7762431651133631,51.275887415854505,-0.6886140000000012
                -0.7762431651133631,51.275887415854505,-0.6886140000000012
                -0.7762423051654385,51.27588703917118,-0.8016409999999965
                -0.7762423051654385,51.27588703917118,-0.8016409999999965
                -0.7762423051654385,51.27588703917118,-0.8016409999999965
                -0.7762423051654385,51.27588703917118,-0.8016409999999965
                -0.7762414452175141,51.27588666248785,-0.9174790000000002
                -0.7762431651133631,51.275887415854505,-0.7908270000000002
                -0.7762466618399696,51.27588772675244,-0.5676089999999974
                -0.776245801892045,51.27588735006911,-0.5676089999999974
                -0.7762448850092122,51.275888169221155,-0.5676089999999974
                -0.7762440250612879,51.27588779253783,-0.5676089999999974
                -0.7762440250612879,51.27588779253783,-0.5676089999999974
                -0.7762431651133631,51.275887415854505,-0.5676089999999974
                -0.7762431651133631,51.275887415854505,-0.5676089999999974
                -0.7762431651133631,51.275887415854505,-0.5676089999999974
                -0.7762431651133631,51.275887415854505,-0.5676089999999974
                -0.7762423051654385,51.27588703917118,-0.5676089999999974
                -0.7762423051654385,51.27588703917118,-0.5676089999999974
                -0.7762423051654385,51.27588703917118,-0.5676089999999974
                -0.7762414452175141,51.27588666248785,-0.5676089999999974
                -0.7762414452175141,51.27588666248785,-0.5676089999999974
                -0.7762431081784681,51.275888611689865,-0.19137899999999775
                -0.7762474079180908,51.2758904951065,0.3806119999999993
                -0.7762508477097892,51.2758920018398,0.7672469999999976
                -0.7762525676056382,51.275892755206456,1.1174239999999998
                -0.7762502724363796,51.27588564597963,1.6746649999999974
                -0.7762497540978844,51.275878094284074,2.1229119999999995
                -0.7762497540978844,51.275878094284074,2.1229119999999995
                -0.7762497540978844,51.275878094284074,2.1229119999999995
                -0.7762479772671205,51.275878536752806,2.1229119999999995
                -0.7762479772671205,51.275878536752806,2.1229119999999995
                -0.7762479772671205,51.275878536752806,2.1229119999999995
                -0.7762471173191958,51.275878160069475,2.004728
                -0.7762471173191958,51.275878160069475,2.004728
                -0.7762471173191958,51.275878160069475,2.004728
                -0.7762453404884453,51.27587860253819,2.004728
                -0.7762444805405205,51.27587822585487,1.8839809999999986
                -0.7762444805405205,51.27587822585487,1.8839809999999986
                -0.7762444805405205,51.27587822585487,1.8839809999999986
                -0.7762436205925959,51.27587784917154,1.8839809999999986
                -0.7762427037097566,51.27587866832359,1.8839809999999986
                -0.7762436205925959,51.27587784917154,1.8839809999999986
                -0.7762444805405205,51.27587822585487,1.8839809999999986
                -0.7762436205925959,51.27587784917154,1.8839809999999986
                -0.7762436205925959,51.27587784917154,1.8839809999999986
                -0.7762418437618323,51.27587829164027,1.8839809999999986
                -0.7762418437618323,51.27587829164027,1.8839809999999986
                -0.7762409838139076,51.27587791495694,1.8839809999999986
                -0.7762409838139076,51.27587791495694,1.8839809999999986
                -0.7762409838139076,51.27587791495694,1.8839809999999986
                -0.7762401238659828,51.27587753827362,1.8839809999999986
                -0.7762392069831632,51.275878357425654,1.8839809999999986
                -0.7762392069831632,51.275878357425654,1.8839809999999986
                -0.7762383470352389,51.27587798074233,1.8839809999999986
                -0.7762383470352389,51.27587798074233,1.8839809999999986
                -0.7762383470352389,51.27587798074233,1.8839809999999986
                -0.7762383470352389,51.27587798074233,1.8839809999999986
                -0.7762383470352389,51.27587798074233,1.8839809999999986
                -0.7762383470352389,51.27587798074233,1.8839809999999986
                -0.7762383470352389,51.27587798074233,1.8839809999999986
                -0.7762392069831632,51.275878357425654,1.8839809999999986
                -0.7762392069831632,51.275878357425654,1.8839809999999986
                -0.7762392069831632,51.275878357425654,1.8839809999999986
                -0.7762392069831632,51.275878357425654,1.8839809999999986
                -0.7762392069831632,51.275878357425654,1.8839809999999986
                -0.7762392069831632,51.275878357425654,1.8839809999999986
                -0.7762391500482616,51.27587955326102,1.8839809999999986
                -0.7762391500482616,51.27587955326102,1.8839809999999986
                -0.7762391500482616,51.27587955326102,1.8839809999999986
                -0.7762400099961863,51.275879929944345,1.8839809999999986
                -0.7762400099961863,51.275879929944345,1.8839809999999986
                -0.7762417298920353,51.275880683311,2.1592270000000013
                -0.7762459726967564,51.275883762563,2.7969739999999987
                -0.7762468326446812,51.27588413924632,3.190171999999997
                -0.7762442528009075,51.27588300919635,2.935971000000002
                -0.7762433359180747,51.27588382834839,2.935971000000002
                -0.77624247597015,51.27588345166507,2.935971000000002
                -0.77624247597015,51.27588345166507,2.935971000000002
                -0.77624247597015,51.27588345166507,2.935971000000002
                -0.77624247597015,51.27588345166507,2.8353559999999973
                -0.7762416160222253,51.27588307498174,2.8353559999999973
                -0.7762416160222253,51.27588307498174,2.8353559999999973
                -0.7762416160222253,51.27588307498174,2.8353559999999973
                -0.7762416160222253,51.27588307498174,2.8353559999999973
                -0.7762398391914812,51.27588351745045,2.8353559999999973
                -0.7762398391914812,51.27588351745045,2.716700000000003
                -0.7762389792435566,51.27588314076713,2.716700000000003
                -0.7762389792435566,51.27588314076713,2.716700000000003
                -0.7762389792435566,51.27588314076713,2.716700000000003
                -0.7762381192956318,51.275882764083796,2.6016309999999976
                -0.7762381192956318,51.275882764083796,2.6016309999999976
                -0.7762363424648748,51.27588320655252,2.6016309999999976
                -0.7762354825169501,51.2758828298692,2.4990650000000016
                -0.7762354825169501,51.2758828298692,2.4990650000000016
                -0.7762346225690254,51.27588245318587,2.4990650000000016
                -0.7762346225690254,51.27588245318587,2.4990650000000016
                -0.7762337626211011,51.27588207650254,2.4990650000000016
                -0.7762337626211011,51.27588207650254,2.4990650000000016
                -0.7762337626211011,51.27588207650254,2.4990650000000016
                -0.7762337626211011,51.27588207650254,2.4990650000000016
                -0.7762329026731764,51.275881699819216,2.4990650000000016
                -0.7762329026731764,51.275881699819216,2.4990650000000016
                -0.7762320427252517,51.27588132313589,2.4990650000000016
                -0.7762320427252517,51.27588132313589,2.3950419999999966
                -0.7762311827773274,51.27588094645257,2.3950419999999966
                -0.7762311827773274,51.27588094645257,2.3950419999999966
                -0.7762294059465699,51.275881388921285,2.3950419999999966
                -0.7762294059465699,51.275881388921285,2.2905019999999965
                -0.7762285459986452,51.27588101223796,2.2905019999999965
                -0.7762285459986452,51.27588101223796,2.2905019999999965
                -0.7762285459986452,51.27588101223796,2.2905019999999965
                -0.7762285459986452,51.27588101223796,2.1728919999999974
                -0.7762276860507209,51.275880635554635,2.1728919999999974
                -0.7762337626211011,51.27588207650254,2.5828240000000022
                -0.7762372593477076,51.27588238740047,2.933261999999999
                -0.7762354825169501,51.2758828298692,2.933261999999999
                -0.7762354825169501,51.2758828298692,2.933261999999999
                -0.7762346225690254,51.27588245318587,2.8251419999999996
                -0.7762346225690254,51.27588245318587,2.8251419999999996
                -0.7762303228294026,51.275880569769235,2.2625150000000005
                -0.7762252200767633,51.27587711383391,1.7240419999999972
                -0.7762234432460059,51.27587755630263,1.7240419999999972
                -0.7762208634022322,51.27587642625265,1.4519909999999996
                -0.7762174236105341,51.275874919519346,1.1700429999999997
                -0.7762182266235504,51.275876492038044,1.4697460000000007
                -0.7762242462590225,51.27587912882133,2.3284189999999967
                -0.7762302089595992,51.275882961439976,3.1660380000000004
                -0.7762378915560122,51.275887547425285,4.3169090000000025
                -0.7762480970612844,51.275894459295955,5.362068999999998
                -0.7762584164363793,51.27589897949587,5.8945620000000005
                -0.7762575564884545,51.27589860281254,5.8945620000000005
                -0.7762575564884545,51.27589860281254,5.8945620000000005
                -0.7762566965405302,51.275898226129215,5.773771999999987
                -0.7762566965405302,51.275898226129215,5.773771999999987
                -0.7762566965405302,51.275898226129215,5.773771999999987
                -0.7762558365926056,51.27589784944589,5.665604000000002
                -0.7762549766446808,51.275897472762566,5.665604000000002
                -0.776254173631671,51.27589590024385,5.665604000000002
                -0.7762516507228054,51.275893574358506,5.665604000000002
                -0.7762517645926089,51.275891182687765,5.665604000000002
                -0.776250101631668,51.27588923348574,5.859881999999999
                -0.7762476356576974,51.27588571176503,5.859881999999999
                -0.7762442528009075,51.27588300919635,5.859881999999999
                -0.7762400669310878,51.27587873410898,5.7547679999999986
                -0.7762367410091995,51.27587483570493,5.7547679999999986
                -0.7762343319701372,51.275870118148845,5.7547679999999986
                -0.7762292292174979,51.27586666221351,5.7547679999999986
                -0.7762310629831505,51.275865023909425,6.307912999999999
                -0.7762328398139079,51.2758645814407,7.219023
                -0.7762320937357867,51.27586181308664,7.570366
                -0.776231347657672,51.27585904473257,8.097676999999997
                -0.7762271617878459,51.27585476964521,8.097676999999997
                -0.7762229759180328,51.27585049455784,8.097676999999997
                -0.7762239497357736,51.27584847957041,8.703856000000002
                -0.7762318600718063,51.27584828221424,10.098702000000003
                -0.7762371905640653,51.27584695480809,11.037309999999998
                -0.7762347815249966,51.275842237252,11.203302999999998
                -0.7762306525900919,51.275836766329256,11.203302999999998
                -0.7762256067723542,51.275832114558554,11.203302999999998
                -0.776221477837443,51.27582664363581,11.203302999999998
                -0.7762164320197052,51.275821991865115,11.07347
                -0.7762105262540496,51.27581696341108,11.07347
                -0.7762055373712072,51.27581111580502,11.07347
                -0.7761996316055386,51.275806087351,10.939580999999997
                -0.7761937258398766,51.275801058896974,10.939580999999997
                -0.7761887369570407,51.275795211290905,10.939580999999997
                -0.7761846080221226,51.27578974036817,10.814534000000002
                -0.7761796191392932,51.27578389276209,10.814534000000002
                -0.7761746302564574,51.275778045156024,10.814534000000002
                -0.7761705013215459,51.27577257423329,10.814534000000002
                -0.7761646524907984,51.27576634994388,10.693116000000003
                -0.776159663607956,51.27576050233782,10.693116000000003
                -0.7761546177902121,51.27575585056712,10.589342000000002
                -0.7761487120245499,51.275750822113096,10.589342000000002
                -0.776139537271901,51.27574069941966,10.470975000000003
                -0.7761344914541567,51.27573604764896,10.470975000000003
                -0.7761295025713274,51.27573020004289,10.470975000000003
                -0.7761235968056588,51.27572517158887,10.338875000000002
                -0.7761194678707473,51.27571970066612,10.338875000000002
                -0.7761135621050916,51.27571467221209,10.338875000000002
                -0.7761067963914984,51.275709267074745,10.225534000000003
                -0.776100030677905,51.2757038619374,10.225534000000003
                -0.7760924050163939,51.27569808011672,10.038786999999992
                -0.7760856393027941,51.27569267497938,10.038786999999992
                -0.7760788735892203,51.27568726984202,9.874724
                -0.776072107875627,51.27568186470467,9.874724
                -0.7760670620578961,51.275677212933964,9.704991
                -0.7760620162401518,51.27567256116327,9.599705999999998
                -0.7760586333833553,51.2756698585946,9.599705999999998
                -0.7760561104744832,51.27566753270925,9.402940999999998
                -0.7760543905786342,51.2756667793426,9.28199
                -0.7760526706827852,51.275666025975944,9.15779899999999
                -0.7760518107348605,51.27566564929262,9.15779899999999
                -0.7760508938520342,51.27566646844466,8.985022999999998
                -0.7760517537999589,51.27566684512799,8.881329999999998
                -0.7760524998780737,51.27566961348206,8.774805
                -0.7760549658520438,51.27567313520277,8.774805
                -0.7760582348390307,51.27567822944219,8.597392
                -0.7760632237218665,51.275684077048254,8.597392
                -0.7760682126046958,51.27568992465433,8.464382
                -0.7760732014875318,51.2756957722604,8.464382
                -0.7760781903703676,51.27570161986647,8.336261
                -0.7760840961360366,51.27570664832049,8.336261
                -0.7760882250709478,51.27571211924323,8.336261
                -0.7760916079277511,51.275714821811896,8.198560999999998
                -0.7760924109407609,51.2757163943306,8.198560999999998
                -0.7760924109407609,51.2757163943306,8.084465999999999
                -0.7760914940579281,51.27571721348265,8.084465999999999
                -0.776089774162079,51.275716460116,8.084465999999999
                -0.7760889711490624,51.275714887597296,8.084465999999999
                -0.7760864482402033,51.27571256171194,7.9757549999999995
                -0.7760830084485053,51.275711054978636,7.9757549999999995
                -0.7760804855396266,51.275708729093296,7.9757549999999995
                -0.7760771026828301,51.275706026524624,7.849981999999997
                -0.776072802943207,51.27570414310799,7.849981999999997
                -0.7760685601384859,51.27570106385599,7.849981999999997
                -0.7760591576462239,51.275695724504025,7.725332000000002
                -0.7760539979586765,51.27569346440407,7.725332000000002
                -0.776048838271129,51.27569120430412,7.725332000000002
                -0.7760437355184767,51.275687748368796,7.570599000000001
                -0.7760377158830045,51.27568511158551,7.570599000000001
                -0.7760325561954572,51.275682851485556,7.570599000000001
                -0.7760265365599851,51.27568021470227,7.417650000000002
                -0.7760196000416932,51.275678397071026,7.417650000000002
                -0.7760144403541458,51.275676136971065,7.417650000000002
                -0.7760084207186737,51.275673500187786,7.290056999999997
                -0.776002401083202,51.2756708634045,7.290056999999997
                -0.7759963814477299,51.275668226621214,7.185848
                -0.7759903618122578,51.275665589837935,7.185848
                -0.7759834822288609,51.275662576371325,7.185848
                -0.7759774625933893,51.27565993958804,7.185848
                -0.7759714429579171,51.27565730280476,7.040464
                -0.7759645633745204,51.27565428933815,7.040464
                -0.7759594036869729,51.27565202923819,7.040464
                -0.7759542439994255,51.275649769138234,7.040464
                -0.7759473074811206,51.275647951507,7.040464
                -0.7759421477935733,51.27564569140704,7.156475999999998
                -0.7759378480539505,51.27564380799041,7.434621
                -0.7759309684705538,51.2756407945238,7.434621
                -0.7759240888871574,51.27563778105719,7.321942999999997
                -0.7759171523688589,51.27563596342595,7.321942999999997
                -0.7759119926813116,51.275633703325994,7.321942999999997
                -0.7759068329937642,51.27563144322604,7.6118080000000035
                -0.7759049992281182,51.27563308153012,7.274366999999998
                -0.7759040823452789,51.275633900682166,7.0141769999999966
                -0.7758980627098068,51.27563126389889,7.0141769999999966
                -0.7758921000092497,51.27562743128022,7.0141769999999966
                -0.7758860803737776,51.27562479449694,6.886602000000003
                -0.7758801176732005,51.275620961878296,6.886602000000003
                -0.7758741549726303,51.27561712925964,6.886602000000003
                -0.7758690522199845,51.275613673324315,6.886602000000003
                -0.7758640064022405,51.27560902155362,6.886602000000003
                -0.7758580437016765,51.27560518893497,6.719971000000001
                -0.7758520810011128,51.27560135631631,6.719971000000001
                -0.7758470351833685,51.27559670454561,6.545127999999998
                -0.7758419893656442,51.275592052774904,6.545127999999998
                -0.7758370004827949,51.27558620516884,6.88062
                -0.7758319546650445,51.275581553398155,6.88062
                -0.7758278257301394,51.27557608247541,6.754533000000002
                -0.7758236967952413,51.27557061155266,6.754533000000002
                -0.7758195678603237,51.27556514062992,6.626472
                -0.7758162988733368,51.2755600463905,6.626472
                -0.7758156097301236,51.27555608220107,6.812541999999993
                -0.7758165835478645,51.27555406721365,7.401958999999998
                -0.7758158944046452,51.275550103024216,7.590581
                -0.7758187589229271,51.27554525389735,7.860785999999997
                -0.7758215665063269,51.27554160060584,8.247301
                -0.7758200743500975,51.2755360638977,8.247301
                -0.7758194421417863,51.2755309038729,8.469242000000001
                -0.7758179499855439,51.27552536716477,8.357633999999997
                -0.7758164578293211,51.27551983045662,8.357633999999997
                -0.7758167425038487,51.27551385127977,8.249611999999999
                -0.7758170271783572,51.27550787210292,8.249611999999999
                -0.7758181718008031,51.2755022696094,8.249611999999999
                -0.775819316423249,51.27549666711587,8.249611999999999
                -0.7758213779285215,51.2754902454703,8.104424999999999
                -0.7758216626030426,51.27548426629345,8.104424999999999
                -0.7758228072254885,51.275478663799916,7.9137210000000024
                -0.7758248117958526,51.275473437989724,7.803874
                -0.7758276763141608,51.275468588862836,7.803874
                -0.7758305408324365,51.275463739735976,7.619728000000002
                -0.7758342652986626,51.275459267292426,7.619728000000002
                -0.7758388497128069,51.2754551715322,7.396065999999998
                -0.7758442940748694,51.27545145245531,7.255941
                -0.7758505983848627,51.27544811006174,7.255941
                -0.7758586795256069,51.27544432519945,7.093344000000002
                -0.7758658437835249,51.27544135948921,6.987628999999998
                -0.7758730080414298,51.27543839377898,6.8728750000000005
                -0.7758810891821936,51.275434608916676,6.7435469999999995
                -0.7758873934921807,51.27543126652311,6.582034
                -0.7759017220080101,51.275425335102625,6.076731000000002
                -0.7759080263180035,51.275421992709056,5.527858999999999
                -0.7759142736930886,51.27541984615086,5.385550000000002
                -0.7759213240812035,51.27541927211135,5.2270520000000005
                -0.7759301513000624,51.275418255603135,5.2270520000000005
                -0.7759389785189148,51.27541723909492,5.1173280000000005
                -0.7759469457898621,51.27541584590337,4.898068000000002
                -0.7759549130607901,51.27541445271183,4.898068000000002
                -0.7759611035009735,51.275413501989,4.898068000000002
                -0.775966433993239,51.27541217458284,4.898068000000002
                -0.7759709045375736,51.27541047049336,4.785601999999997
                -0.7759735982511573,51.275409208872595,4.659579999999998
                -0.7759754320168163,51.275407570568504,4.541311
                -0.7759754320168163,51.275407570568504,4.541311
                -0.7759754889517113,51.275406374733144,4.364198999999999
                -0.7759737121209669,51.275406817201855,4.256425
                -0.7759728521730422,51.27540644051853,4.256425
                -0.7759729091079376,51.275405244683164,4.084040000000002
                -0.7759720491600129,51.27540486799984,4.084040000000002
                -0.7759711892120882,51.275404491316515,4.084040000000002
                -0.7759711892120882,51.275404491316515,3.969104999999999
                -0.7759703292641639,51.27540411463319,3.969104999999999
                -0.7759703292641639,51.27540411463319,3.969104999999999
                -0.7759694693162392,51.27540373794986,3.969104999999999
                -0.7759694693162392,51.27540373794986,3.969104999999999
                -0.7759694693162392,51.27540373794986,3.969104999999999
                -0.7759686093683146,51.275403361266534,3.8499920000000003
                -0.7759686093683146,51.275403361266534,3.8499920000000003
                -0.7759686093683146,51.275403361266534,3.8499920000000003
                -0.7759668325375705,51.275403803735244,3.8499920000000003
                -0.7759668325375705,51.275403803735244,3.8499920000000003
                -0.7759668325375705,51.275403803735244,3.8499920000000003
                -0.7759668325375705,51.275403803735244,3.8499920000000003
                -0.7759659725896458,51.27540342705192,3.8499920000000003
                -0.7759659725896458,51.27540342705192,3.8499920000000003
                -0.7759659725896458,51.27540342705192,3.8499920000000003
                -0.7759651126417211,51.275403050368595,3.8499920000000003
                -0.7759651695766165,51.27540185453323,3.717266000000002
                -0.7759651695766165,51.27540185453323,3.717266000000002
                -0.7759651695766165,51.27540185453323,3.717266000000002
                -0.7759651695766165,51.27540185453323,3.717266000000002
                -0.7759643096286918,51.275401477849904,3.717266000000002
                -0.7759643665636129,51.275400282014516,3.5950399999999973
                -0.7759643665636129,51.275400282014516,3.493195
                -0.7759635066156886,51.27539990533119,3.493195
                -0.7759635066156886,51.27539990533119,3.493195
                -0.7759635066156886,51.27539990533119,3.391807
                -0.7759635066156886,51.27539990533119,3.391807
                -0.7759635066156886,51.27539990533119,3.391807
                -0.7759626466677639,51.27539952864787,3.391807
                -0.7759626466677639,51.27539952864787,3.391807
                -0.7759626466677639,51.27539952864787,3.2591740000000016
                -0.7759626466677639,51.27539952864787,3.2591740000000016
                -0.7759608698369934,51.2753999711166,3.149372999999997
                -0.7759617867198392,51.27539915196454,3.149372999999997
                -0.7759617867198392,51.27539915196454,3.010697999999998
                -0.7759609267719149,51.27539877528121,3.010697999999998
                -0.7759600668239902,51.275398398597886,2.8876709999999974
                -0.7759600668239902,51.275398398597886,2.8876709999999974
                -0.7759592068760655,51.27539802191456,2.782066999999998
                -0.7759583469281408,51.27539764523124,2.782066999999998
                -0.7759583469281408,51.27539764523124,2.782066999999998
                -0.7759583469281408,51.27539764523124,2.782066999999998
                -0.7759583469281408,51.27539764523124,2.6437019999999976
                -0.7759574869802165,51.275397268547906,2.6437019999999976
                -0.7759565700973707,51.27539808769997,2.6437019999999976
                -0.7759565700973707,51.27539808769997,2.5216660000000033
                -0.7759557670843671,51.27539651518126,2.380156999999997
                -0.7759540471885181,51.2753957618146,2.248196
                -0.7759540471885181,51.2753957618146,2.248196
                -0.7759540471885181,51.2753957618146,2.248196
                -0.7759540471885181,51.2753957618146,2.248196
                -0.7759541041234131,51.27539456597924,2.248196
                -0.7759541041234131,51.27539456597924,2.141007000000002
                -0.7759532441754888,51.275394189295916,2.141007000000002
                -0.7759532441754888,51.275394189295916,2.141007000000002
                -0.7759506643317151,51.275393059245935,1.9280430000000024
                -0.7759489444358657,51.275392305879286,1.5744510000000034
                -0.7759480844879414,51.275391929195955,1.5744510000000034
                -0.7759455615790822,51.2753896033106,1.1557850000000016
                -0.7759412618394592,51.27538771989397,0.4961320000000029
                -0.7759386819956855,51.27538658984399,0.16444700000000267
                -0.7759378789826562,51.2753850173253,-0.04207900000000109
                -0.7759352991388825,51.275383887275325,-0.38145500000000254
                -0.7759352991388825,51.275383887275325,-0.38145500000000254
                -0.7759352991388825,51.275383887275325,-0.38145500000000254
                -0.7759352991388825,51.275383887275325,-0.38145500000000254
                -0.7759352991388825,51.275383887275325,-0.38145500000000254
                -0.7759352991388825,51.275383887275325,-0.38145500000000254
                -0.7759362160217087,51.27538306812328,-0.4906969999999973
                -0.775935356073784,51.27538269143995,-0.6130500000000012
                -0.7759335792430335,51.27538313390867,-0.7584840000000028
                -0.7759318593471841,51.27538238054202,-0.7584840000000028
                -0.7759284764903877,51.27537967797335,-1.413063000000001
                -0.7759233168028402,51.275377417873386,-2.183269000000003
                -0.7759215969069908,51.27537666450674,-2.4249069999999975
                -0.7759241767507645,51.27537779455671,-2.2405240000000006
                -0.7759267565945382,51.27537892460669,-1.7936380000000014
                -0.7759258966466139,51.27537854792337,-1.962693999999999
                -0.7759284764903877,51.27537967797335,-1.962693999999999
                -0.7759319162820857,51.275381184706646,-1.4325279999999978
                -0.7759327762300103,51.27538156138998,-1.4325279999999978
                -0.7759318593471841,51.27538238054202,-1.3174270000000021
                -0.7759309993992594,51.27538200385869,-1.3174270000000021
                -0.7759309993992594,51.27538200385869,-1.3174270000000021
                -0.7759309993992594,51.27538200385869,-1.3174270000000021
                -0.7759309993992594,51.27538200385869,-1.3174270000000021
                -0.7759309993992594,51.27538200385869,-1.3174270000000021
                -0.7759309993992594,51.27538200385869,-1.3174270000000021
                -0.7759309993992594,51.27538200385869,-1.3174270000000021
                -0.7759309993992594,51.27538200385869,-1.3174270000000021
                -0.7759309993992594,51.27538200385869,-1.1436490000000035
                -0.7759319162820857,51.275381184706646,-1.1436490000000035
                -0.7759310563341614,51.27538080802332,-1.1436490000000035
                -0.7759310563341614,51.27538080802332,-1.1436490000000035
                -0.7759319162820857,51.275381184706646,-1.1436490000000035
                -0.7759319162820857,51.275381184706646,-1.1436490000000035
                -0.7759309993992594,51.27538200385869,-0.9684829999999991
                -0.7759292795034104,51.27538125049204,-0.9684829999999991
                -0.7759276165424629,51.275379301290016,-1.5426330000000021
                -0.7759284764903877,51.27537967797335,-1.5426330000000021
                -0.775930139451335,51.27538162717536,-1.1131439999999984
                -0.7759309993992594,51.27538200385869,-1.1131439999999984
                -0.7759309993992594,51.27538200385869,-1.0042779999999993
                -0.7759309993992594,51.27538200385869,-1.0042779999999993
                -0.7759318593471841,51.27538238054202,-1.0042779999999993
                -0.7759309424643643,51.275383199694055,-1.0042779999999993
                -0.7759309424643643,51.275383199694055,-1.0042779999999993
                -0.7759309424643643,51.275383199694055,-1.0042779999999993
                -0.7759309424643643,51.275383199694055,-1.0042779999999993
                -0.7759318024122891,51.27538357637738,-1.0042779999999993
                -0.7759309424643643,51.275383199694055,-1.0042779999999993
                -0.7759309424643643,51.275383199694055,-1.0042779999999993
                -0.7759309424643643,51.275383199694055,-1.0042779999999993
                -0.7759300825164397,51.27538282301073,-1.0042779999999993
                -0.7759309424643643,51.275383199694055,-1.0042779999999993
                -0.7759300255815251,51.27538401884611,-1.0042779999999993
                -0.7759300255815251,51.27538401884611,-1.0042779999999993
                -0.7759300255815251,51.27538401884611,-1.0042779999999993
                -0.7759300255815251,51.27538401884611,-0.8968920000000011
                -0.7759309424643643,51.275383199694055,-0.8968920000000011
                -0.7759318024122891,51.27538357637738,-0.7686449999999994
                -0.7759326623602137,51.275383953060704,-0.7686449999999994
                -0.7759326623602137,51.275383953060704,-0.6319829999999982
                -0.7759326623602137,51.275383953060704,-0.6319829999999982
                -0.7759335223081381,51.275384329744035,-0.5196279999999973
                -0.7759344391909578,51.27538351059199,-0.5196279999999973
                -0.7759352991388825,51.275383887275325,-0.35015200000000135
                -0.7759352991388825,51.275383887275325,-0.35015200000000135
                -0.7759361590868072,51.27538426395865,-0.17232299999999867
                -0.7759361590868072,51.27538426395865,-0.17232299999999867
                -0.7759361590868072,51.27538426395865,-0.17232299999999867
                -0.7759361021519118,51.27538545979401,-0.0230850000000018
                -0.7759360452169972,51.27538665562939,0.16068800000000039
                -0.7759360452169972,51.27538665562939,0.16068800000000039
                -0.7759360452169972,51.27538665562939,0.16068800000000039
                -0.7759360452169972,51.27538665562939,0.28246200000000243
                -0.7759360452169972,51.27538665562939,0.28246200000000243
                -0.7759351283341774,51.275387474781425,0.4109580000000008
                -0.7759351283341774,51.275387474781425,0.4109580000000008
                -0.775933351503407,51.275387917250164,0.7725599999999986
                -0.775933351503407,51.275387917250164,0.9102000000000032
                -0.7759342114513317,51.27538829393349,0.7855940000000032
                -0.7759351283341774,51.275387474781425,0.7855940000000032
                -0.7759351283341774,51.275387474781425,0.6676310000000001
                -0.7759420079175738,51.275390488248036,1.5092550000000031
                -0.7759496335790789,51.27539627006872,2.964533000000003
                -0.7759565131624753,51.27539928353533,3.942371999999999
                -0.7759581761234166,51.27540123273736,4.306516000000002
                -0.775955653214551,51.275398906852004,3.7727670000000018
                -0.7759496905139739,51.27539507423336,2.6685969999999983
                -0.7759445308264264,51.275392814133404,1.762506000000002
                -0.7759453907743512,51.27539319081673,1.762506000000002
                -0.7759444738915314,51.275394009968764,1.762506000000002
                -0.7759418371128497,51.27539407575416,1.762506000000002
                -0.7759365066205903,51.27539540316031,1.762506000000002
                -0.7759276224668363,51.27539761550389,1.762506000000002
                -0.7759169045474039,51.275401466151585,1.762506000000002
                -0.7759025760315741,51.27540739757207,1.885396
                -0.7758864706849875,51.27541377146127,1.885396
                -0.7758685315727416,51.275421783654565,1.885396
                -0.7758488156297448,51.275430238316574,2.0058369999999996
                -0.7758255460252403,51.275439577916025,2.0058369999999996
                -0.7758004995899845,51.27544935998419,2.0058369999999996
                -0.7757728163760534,51.27545920783774,2.0058369999999996
                -0.7757459931100471,51.27546943237462,2.0058369999999996
                -0.7757218635576175,51.27547839529075,2.0058369999999996
                -0.7756986508880211,51.27548653905482,2.0058369999999996
                -0.7756754382184178,51.2754946828189,2.0058369999999996
                -0.7756504487180704,51.27550326905169,2.0058369999999996
                -0.7756272360484805,51.27551141281576,2.0058369999999996
                -0.775608493923205,51.27551785249037,2.0058369999999996
                -0.7755897517979428,51.27552429216496,2.0058369999999996
                -0.7755718696205989,51.275531108522884,2.0058369999999996
                -0.7755503768468515,51.27554000565361,2.0058369999999996
                -0.7755271641772417,51.2755481494177,2.1161790000000025
                -0.7755067021561366,51.27555383572563,1.8919479999999993
                -0.7754924875101171,51.27555737547537,1.5449660000000023
                -0.7754799927599402,51.27556166859177,1.5449660000000023
                -0.7754630274654286,51.27556766579765,1.5449660000000023
                -0.7754406747437569,51.275576186245054,1.5449660000000023
                -0.7754139084126586,51.27558521494656,1.5449660000000023
                -0.7753852513809798,51.27559707778754,1.5449660000000023
                -0.7753548744534654,51.27560818726186,1.5449660000000023
                -0.7753262743567081,51.27561885426746,1.6557559999999967
                -0.7752985911427706,51.27562870212102,1.6557559999999967
                -0.7752726847596034,51.27563810750584,1.7684029999999993
                -0.7752485552071608,51.275647070421975,1.7684029999999993
                -0.7752253425375645,51.27565521418605,1.7684029999999993
                -0.7751699761096957,51.27567490989317,1.8837759999999975
                -0.7751405160650138,51.275685200215435,1.8837759999999975
                -0.7751074454239156,51.27569757131052,1.8837759999999975
                -0.7750743747828176,51.275709942405605,1.8837759999999975
                -0.7750386104281358,51.27572357512145,2.0716469999999987
                -0.7749878853493064,51.27573797923298,4.530082999999998
                -0.7749414600101262,51.27575426676112,7.473585999999997
                -0.7749045510329986,51.27577350197049,8.213585000000002
                -0.7748650052771953,51.275792802965256,8.677062
                -0.774818523003094,51.27581028632878,9.549669000000002
                -0.7747828155833137,51.27582272320926,5.972048000000001
                -0.7747506048901404,51.275835470987666,1.779783000000002
                -0.7747031487983108,51.275854969338596,1.779783000000002
                -0.7746556357715734,51.27587566352491,2.088017999999998
                -0.7746029061223868,51.275895293446624,2.088017999999998
                -0.7745475966294197,51.275913793318374,2.088017999999998
                -0.7744913133187249,51.27593430817753,2.2280950000000033
                -0.7744323932293548,51.27595488882208,2.2280950000000033
                -0.774373473139991,51.275975469466616,2.350741999999997
                -0.7743118593370242,51.27599731173194,2.350741999999997
                -0.7742493855861456,51.27601877731392,2.350741999999997
                -0.77418874560092,51.276038604591825,2.350741999999997
                -0.7741316592772088,51.27605754693228,2.350741999999997
                -0.7740799603806516,51.27607396603122,2.4811499999999995
                -0.7740310121325863,51.27608792767403,2.4811499999999995
                -0.7739812608714982,51.27610031679813,2.4811499999999995
                -0.7739298466494626,51.27611075672022,2.4811499999999995
                -0.7738768264013877,51.27611805160491,2.4811499999999995
                -0.773823060075198,51.276122578135535,2.657808000000003
                -0.7737684907359852,51.27612553214746,2.7799369999999968
                -0.7737167289801661,51.27612483286788,2.9074719999999985
                -0.7736659410420682,51.276122118600895,3.0371650000000017
                -0.7736171007394524,51.27611537435907,3.2304519999999997
                -0.7735719279681417,51.276105353509074,3.33793
                -0.7735286458973915,51.27609249851962,3.33793
                -0.7734855346313463,51.27607605602406,3.33793
                -0.7734442571309667,51.276057975224404,3.500084000000001
                -0.7734040103832428,51.276036683601944,3.500084000000001
                -0.7733646805183191,51.276014572827464,3.6533159999999967
                -0.7733246045752873,51.27598969369891,3.6533159999999967
                -0.773288196163573,51.27596153796218,3.7902739999999966
                -0.7732545953352461,51.275929728933946,3.7902739999999966
                -0.7732238020903063,51.27589426661421,3.7902739999999966
                -0.7731708150796782,51.275827108807995,3.7902739999999966
                -0.7731493104571969,51.27579937751096,3.7902739999999966
                -0.7731294118607616,51.275774791251315,3.7902739999999966
                -0.7731110623554637,51.27575454586443,3.7902739999999966
                -0.7730943758111067,51.275736249679575,3.7902739999999966
                -0.7730802121756284,51.27572027938006,3.7902739999999966
                -0.7730702913448517,51.275707388332556,3.7902739999999966
                -0.7730628364880519,51.27569801900577,3.7902739999999966
                -0.7730569307223962,51.27569299055174,3.7902739999999966
                -0.7730552677614423,51.275691041349724,3.7902739999999966
                -0.7730552677614423,51.275691041349724,3.9364810000000006
                -0.7730534909306979,51.275691483818434,3.9364810000000006
                -0.7730517140999273,51.275691926287166,4.206145999999997
                -0.7730517140999273,51.275691926287166,4.206145999999997
                -0.7730507972171077,51.2756927454392,4.324432999999999
                -0.7730517140999273,51.275691926287166,4.324432999999999
                -0.7730534339957768,51.27569267965382,4.324432999999999
                -0.7730612873969144,51.27569367813301,3.9890419999999978
                -0.7730674209021962,51.27569392324555,3.777678999999999
                -0.7730665609542714,51.27569354656222,3.880839999999999
                -0.773059567501065,51.27569292476635,4.121918999999998
                -0.7730543508786225,51.27569186050176,4.363790999999999
                -0.7730569876572913,51.27569179471637,4.363790999999999
                -0.773057847605216,51.275692171399704,4.232415000000003
                -0.7730587075531407,51.27569254808303,4.232415000000003
                -0.7730596244359669,51.27569172893099,4.232415000000003
                -0.7730605982537012,51.27568971394357,3.8674589999999966
                -0.7730597383057766,51.275689337260246,3.8674589999999966
                -0.7730579614750256,51.27568977972896,4.229591999999997
                -0.7730561846442685,51.27569022219768,4.058560999999997
                -0.7730553246963439,51.27568984551436,4.058560999999997
                -0.7730518279697439,51.27568953461642,4.228693999999997
                -0.7730465544123799,51.27568966618721,4.412294000000003
                -0.7730512526963408,51.27568317875624,5.684072999999998
                -0.7730458083342717,51.27568689783313,5.684072999999998
                -0.7730157789405474,51.275709146509115,4.347883000000003
                -0.7729835741717406,51.275740208501404,2.0979249999999965
                -0.7729658687234747,51.2757617515671,-0.07968999999999937
                -0.7729659256583766,51.27576055573173,-0.07968999999999937
                -0.7729642626974357,51.275758606529706,0.17302000000000106
                -0.7729711932913668,51.27574210994707,1.9617509999999996
                -0.772977611471157,51.275736375882765,2.403775000000003
                -0.7729632319447994,51.27576181735249,1.2935060000000007
                -0.7729487954835204,51.2757884546576,-0.3010659999999987
                -0.7729431233818383,51.275796957075976,-1.4982889999999998
                -0.772941517355799,51.275793812038586,-1.341279
                -0.7729395068610618,51.2757807236349,-0.49646200000000107
                -0.7729450022336719,51.27575749450875,1.7647449999999978
                -0.7729517050879898,51.27574578126759,3.2134530000000012
                -0.7729517620228918,51.27574458543222,3.2134530000000012
                -0.7729526789057246,51.27574376628017,3.333213999999998
                -0.7729535957885508,51.27574294712813,3.464182000000001
                -0.772954512671377,51.27574212797609,3.464182000000001
                -0.7729554295542098,51.27574130882404,3.6092179999999985
                -0.7729563464370296,51.275740489672,3.6092179999999985
                -0.7729554864891048,51.27574011298868,3.6092179999999985
                -0.7729615061245769,51.275742749771965,3.333652999999998
                -0.772964945916275,51.27574425650527,3.224860999999997
                -0.7729570925151508,51.27574325802607,3.392795999999997
                -0.7729527927755276,51.27574137460944,3.392795999999997
                -0.7729537096583604,51.27574055545739,3.392795999999997
                -0.7729546265411802,51.275739736305354,3.392795999999997
                -0.7729538235281639,51.27573816378665,3.392795999999997
                -0.7729503268015575,51.275737852888724,3.6476180000000014
                -0.7729592678902325,51.275734444709755,3.3548940000000016
                -0.7729933182734258,51.27573837284115,1.6388609999999986
                -0.77301842756795,51.275745709151494,0.5040229999999966
                -0.7730193444507828,51.275744889999444,0.5040229999999966
                -0.7730194013856844,51.27574369416408,0.5040229999999966
                -0.7730194583205858,51.275742498328704,0.6359369999999984
                -0.7730195152554813,51.275741302493344,0.6359369999999984
                -0.7730186553075565,51.27574092581002,0.736657000000001
                -0.77301097271115,51.275736339824704,0.8427229999999994
                -0.7729919969218948,51.27572924862691,0.4606550000000027
                -0.7729799007160556,51.275725170895704,-0.017614000000001795
                -0.7729703214947151,51.27570510483597,-2.593907999999999
                -0.7729616022212988,51.27568541545956,-5.066679000000001
                -0.7729616022212988,51.27568541545956,-4.864718000000003
                -0.7729633790520498,51.275684972990845,-4.741503000000002
                -0.7729651558827942,51.275684530522135,-4.631329999999998
                -0.7729651558827942,51.275684530522135,-4.434742999999997
                -0.7729686526094137,51.27568484142006,-4.434742999999997
                -0.7729730662188269,51.27568433316596,-4.250225999999998
                -0.7729730662188269,51.27568433316596,-4.030603999999997
                -0.7729748430495909,51.27568389069724,-3.882981000000001
                -0.7729748430495909,51.27568389069724,-3.7530009999999976
                -0.7729801166069479,51.27568375912645,-4.006619999999998
                -0.7729845302163741,51.27568325087234,-4.2579509999999985
                -0.7729853901642988,51.27568362755567,-4.143310999999997
                -0.7729888868909053,51.2756839384536,-4.245327000000003
                -0.7729915236695806,51.27568387266821,-4.245327000000003
                -0.772995020396174,51.27568418356615,-4.352361000000002
                -0.7729958803440986,51.27568456024948,-4.352361000000002
                -0.7729967402920234,51.275684936932805,-4.219760000000001
                -0.7729985171227939,51.27568449446407,-4.219760000000001
                -0.7729914097997709,51.27568626433895,-5.601531000000001
                -0.7729718646614856,51.27569113149485,-9.292099
                -0.7729637835207414,51.27569491635714,-10.1234
                -0.7729664772343251,51.27569365473637,-9.342676
                -0.7729682540650761,51.27569321226766,-8.907733
                -0.7729726676745088,51.275692704013544,-7.953907999999998
                -0.7729743875703577,51.2756934573802,-7.589359999999999
                -0.7729892913596034,51.27569388181988,-3.706325999999997
                -0.7730129654327933,51.27569448558673,1.561636
                -0.7730261493261703,51.27569415665978,4.159334999999999
                -0.7730287861048651,51.275694090874374,4.963135000000001
                -0.7730305629356096,51.275693648405664,5.899912999999998
                -0.773035836492967,51.27569351683488,6.428299000000003
                -0.7730350334799442,51.275691944316186,4.094036000000003
                -0.7740063300023446,51.27562909187677,-3.1662079999999975
                -0.7729574282002131,51.27571776879996,3.063906000000003
                -0.7731668724138312,51.27568865504659,4.655396000000003
                -0.7735365397672144,51.275686996787265,-13.162229
                -0.7728001324380053,51.27570258255756,28.144105999999994
                -0.7731086355433072,51.27569488566669,-7.838802999999999
                -0.7731211302934842,51.27569059255029,-4.082974
                -0.7730967101421665,51.27568722042939,-3.6916920000000033
                -0.7730778541470944,51.27569605177472,0.012639000000000067
                -0.7730697160714486,51.27570103247238,3.564216000000002
                -0.7730654732667206,51.27569795322039,3.564216000000002
                -0.773052055709357,51.27568475127494,0.5482179999999985
                -0.7730393842301081,51.27567431768356,-2.619489999999999
                -0.7730366335816228,51.275676775139694,-2.1388740000000013
                -0.7730265478705081,51.27568578581218,-3.3214029999999966
                -0.7729972586305315,51.275692488628344,-1.1737060000000028
                -0.7730079196150429,51.275689833816045,2.0800740000000033
                -0.7729841316720559,51.27569162171993,3.3087969999999984
                -0.7729763921407349,51.275688231569994,4.966768999999999
                -0.7729861931773215,51.27568520007436,5.237760999999999
                -0.7729871669950562,51.27568318508695,4.926713999999997
                -0.7729801166069479,51.27568375912645,5.623925999999997
                -0.7729783967110989,51.275683005759795,6.008716999999997
                -0.7729801735418498,51.27568256329108,6.008716999999997
                -0.7729792566590236,51.27568338244312,6.245009000000003
                -0.7729783397761908,51.27568420159517,6.841481000000002
                -0.7729897468388299,51.27568431513693,6.602153999999999
                -0.7730047075629771,51.275683543741245,5.699702000000002
                -0.7730161146256033,51.27568365728301,5.253214
                -0.7730217926516522,51.27569346907851,7.834234000000002
                -0.7730275845475112,51.27570088920328,9.932898000000002
                -0.7730337180527799,51.27570113431583,9.347301000000002
                -0.7730362978965536,51.27570226436581,8.861306999999996
                -0.7730380747273241,51.27570182189707,8.381484
                -0.7730407684408882,51.27570056027633,7.9465939999999975
                -0.7730443221024028,51.275699675338885,7.612285999999997
                -0.7730470158159864,51.27569841371812,7.286268
                -0.7730497095295699,51.27569715209736,7.120741000000002
                -0.7730506264123961,51.275696332945316,7.008031000000003
                -0.7730471296857961,51.27569602204738,7.190339999999999
                -0.7730471296857961,51.27569602204738,7.325392999999998
                -0.773048906516547,51.27569557957866,7.325392999999998
                -0.773050683347298,51.27569513710995,7.325392999999998
                -0.7730533201259863,51.27569507132454,7.1605810000000005
                -0.7730568737874751,51.27569418638712,6.820616999999999
                -0.773059567501065,51.27569292476635,6.521866000000003
                -0.7730560707744716,51.275692613868415,6.6601870000000005
                -0.7730525740478521,51.27569230297049,6.6601870000000005
                -0.7730517140999273,51.275691926287166,6.838374000000002
                -0.773048217373334,51.27569161538923,6.961801000000001
                -0.7730464974774849,51.27569086202257,6.961801000000001
                -0.7730464974774849,51.27569086202257,7.488526
                -0.7730481604384389,51.27569281122459,8.743482999999998
                -0.7730498803342879,51.275693564591236,9.200090000000003
                -0.7730480465686224,51.275695202895335,9.868524999999998
                -0.7730522324384355,51.27569947798271,11.202354
                -0.7730573921259829,51.27570173808267,11.899698999999998
                -0.7730565321780586,51.27570136139934,11.765497000000003
                -0.7730530354514586,51.275701050501404,11.765497000000003
                -0.7730477618941012,51.27570118207219,11.765497000000003
                -0.7730451251154321,51.275701247857576,11.941459999999992
                -0.7730486218420259,51.275701558755514,11.736446999999991
                -0.7730512586207011,51.27570149297013,11.560892000000003
                -0.7730530354514586,51.275701050501404,11.401637999999998
                -0.7730512586207011,51.27570149297013,11.401637999999998
                -0.7730521755035339,51.27570067381808,11.401637999999998
                -0.7730565891129666,51.27570016556397,11.016685000000003
                -0.7730601427744681,51.27569928062653,10.630035999999997
                -0.7730592828265438,51.27569890394321,10.527870999999998
                -0.7730601997093831,51.27569808479115,10.361114
                -0.7730619765401271,51.27569764232244,10.361114
                -0.7730628934229469,51.275696823170406,10.135916000000002
                -0.7730620334750226,51.27569644648708,10.265430000000002
                -0.7730620334750226,51.27569644648708,10.131681
                -0.7730620334750226,51.27569644648708,10.131681
                -0.7730620334750226,51.27569644648708,10.131681
                -0.7730602566442781,51.27569688895579,10.248930000000001
                -0.7730558430348454,51.2756973972099,10.713902999999988
                -0.7730540662040944,51.27569783967862,10.713902999999988
                -0.7730505694774945,51.27569752878068,10.919314
                -0.773047072750888,51.27569721788275,11.194479999999999
                -0.7730497095295699,51.27569715209736,11.037785999999997
                -0.7730532062561701,51.275697462995296,10.812278999999997
                -0.7730549830869207,51.27569702052658,10.812278999999997
                -0.7730549830869207,51.27569702052658,10.66422
                -0.7730567599176847,51.27569657805785,10.66422
                -0.7730541231389964,51.275696643843254,10.66422
                -0.7730506264123961,51.275696332945316,10.926189999999998
                -0.7730479896337208,51.2756963987307,10.926189999999998
                -0.7730471296857961,51.27569602204738,10.926189999999998
                -0.7730471296857961,51.27569602204738,10.926189999999998
                -0.773047186620698,51.27569482621201,10.926189999999998
                -0.773047186620698,51.27569482621201,10.926189999999998
                -0.7730454097899471,51.27569526868073,10.926189999999998
                -0.7730445498420224,51.2756948919974,10.926189999999998
                -0.7730436898940981,51.27569451531407,10.926189999999998
                -0.7730445498420224,51.2756948919974,10.926189999999998
                -0.7730446067769243,51.27569369616203,10.76256399999999
                -0.7730446067769243,51.27569369616203,10.76256399999999
                -0.7730446067769243,51.27569369616203,10.76256399999999
                -0.7730437468289997,51.275693319478705,10.76256399999999
                -0.7730446067769243,51.27569369616203,10.61584899999999
                -0.7730463836076749,51.27569325369331,10.61584899999999
                -0.7730490203863636,51.27569318790791,10.411566
                -0.7730481604384389,51.27569281122459,10.411566
                -0.7730472435555996,51.275693630376644,10.411566
                -0.7730463836076749,51.27569325369331,10.411566
                -0.7730454667248486,51.275694072845354,10.411566
                -0.7730446067769243,51.27569369616203,10.513897999999998
                -0.7730437468289997,51.275693319478705,10.513897999999998
                -0.7730437468289997,51.275693319478705,10.513897999999998
                -0.7730428868810749,51.27569294279538,10.401330000000002
                -0.7730428868810749,51.27569294279538,10.401330000000002
                -0.7730428868810749,51.27569294279538,10.401330000000002
                -0.7730428868810749,51.27569294279538,10.401330000000002
                -0.7730428868810749,51.27569294279538,10.401330000000002
                -0.7730438037639012,51.27569212364334,10.401330000000002
                -0.7730438037639012,51.27569212364334,10.292309000000003
                -0.7730438037639012,51.27569212364334,10.292309000000003
                -0.7730429438159769,51.27569174696001,10.292309000000003
                -0.7730420269331506,51.27569256611205,10.292309000000003
                -0.773041166985226,51.275692189428725,10.292309000000003
                -0.773041166985226,51.275692189428725,10.292309000000003
                -0.773041166985226,51.275692189428725,10.292309000000003
                -0.773041166985226,51.275692189428725,10.292309000000003
                -0.7730402501023997,51.27569300858077,10.292309000000003
                -0.7730402501023997,51.27569300858077,10.292309000000003
                -0.7730402501023997,51.27569300858077,10.292309000000003
                -0.7730402501023997,51.27569300858077,10.393681999999998
                -0.7730402501023997,51.27569300858077,10.393681999999998
                -0.7730402501023997,51.27569300858077,10.393681999999998
                -0.7730402501023997,51.27569300858077,10.393681999999998
                -0.7730402501023997,51.27569300858077,10.393681999999998
                -0.7730402501023997,51.27569300858077,10.393681999999998
                -0.7730402501023997,51.27569300858077,10.393681999999998
                -0.7730402501023997,51.27569300858077,10.393681999999998
                -0.7730402501023997,51.27569300858077,10.393681999999998
                -0.7730402501023997,51.27569300858077,10.393681999999998
                -0.7730402501023997,51.27569300858077,10.393681999999998
                -0.7730402501023997,51.27569300858077,10.393681999999998
                -0.7730402501023997,51.27569300858077,10.393681999999998
                -0.773039390154475,51.27569263189744,10.393681999999998
                -0.773039390154475,51.27569263189744,10.393681999999998
                -0.773039390154475,51.27569263189744,10.393681999999998
                -0.7730402501023997,51.27569300858077,10.267664000000003
                -0.7730402501023997,51.27569300858077,10.267664000000003
                -0.7730420269331506,51.27569256611205,10.267664000000003
                -0.7730420269331506,51.27569256611205,10.148130000000002
                -0.7730420269331506,51.27569256611205,10.148130000000002
                -0.7730420269331506,51.27569256611205,10.148130000000002
                -0.7730420269331506,51.27569256611205,10.148130000000002
                -0.7730420269331506,51.27569256611205,10.148130000000002
                -0.773041166985226,51.275692189428725,10.148130000000002
                -0.773041166985226,51.275692189428725,10.148130000000002
                -0.773041166985226,51.275692189428725,10.148130000000002
                -0.7730420269331506,51.27569256611205,10.148130000000002
                -0.7730420269331506,51.27569256611205,10.148130000000002
                -0.773041166985226,51.275692189428725,10.148130000000002
                -0.773041166985226,51.275692189428725,10.148130000000002
                -0.773041166985226,51.275692189428725,10.148130000000002
                -0.773041166985226,51.275692189428725,10.26399
                -0.773041166985226,51.275692189428725,10.26399
                -0.773041166985226,51.275692189428725,10.26399
                -0.7730403070373012,51.2756918127454,10.26399
                -0.7730403070373012,51.2756918127454,10.26399
                -0.773039390154475,51.27569263189744,10.26399
                -0.773039390154475,51.27569263189744,10.26399
                -0.773039390154475,51.27569263189744,10.26399
                -0.773039390154475,51.27569263189744,10.26399
                -0.773039390154475,51.27569263189744,10.372225
                -0.773039390154475,51.27569263189744,10.372225
                -0.773039390154475,51.27569263189744,10.372225
                -0.7730385302065507,51.27569225521412,10.372225
                -0.773039390154475,51.27569263189744,10.372225
                -0.773039390154475,51.27569263189744,10.372225
                -0.773041166985226,51.275692189428725,10.372225
                -0.773041166985226,51.275692189428725,10.372225
                -0.773041166985226,51.275692189428725,10.372225
                -0.773041166985226,51.275692189428725,10.372225
                -0.773041166985226,51.275692189428725,10.372225
                -0.773041166985226,51.275692189428725,10.372225
                -0.773041166985226,51.275692189428725,10.372225
                -0.773039390154475,51.27569263189744,10.372225
                -0.773039390154475,51.27569263189744,10.372225
                -0.773039390154475,51.27569263189744,10.372225
                -0.7730385302065507,51.27569225521412,10.372225
                -0.7730385302065507,51.27569225521412,10.372225
                -0.7730385302065507,51.27569225521412,10.372225
                -0.773037670258626,51.27569187853079,10.372225
                -0.773037670258626,51.27569187853079,10.475312000000002
                -0.773037670258626,51.27569187853079,10.475312000000002
                -0.7730367533757933,51.275692697682835,10.475312000000002
                -0.7730367533757933,51.275692697682835,10.475312000000002
                -0.7730367533757933,51.275692697682835,10.475312000000002
                -0.7730367533757933,51.275692697682835,10.475312000000002
                -0.7730367533757933,51.275692697682835,10.475312000000002
                -0.7730367533757933,51.275692697682835,10.475312000000002
                -0.7730367533757933,51.275692697682835,10.475312000000002
                -0.7730367533757933,51.275692697682835,10.475312000000002
                -0.7730368103107013,51.27569150184746,10.475312000000002
                -0.7730368103107013,51.27569150184746,10.337758000000001
                -0.7730368103107013,51.27569150184746,10.337758000000001
                -0.7730368103107013,51.27569150184746,10.337758000000001
                -0.7730368103107013,51.27569150184746,10.207884
                -0.7730368103107013,51.27569150184746,10.207884
                -0.7730368103107013,51.27569150184746,10.207884
                -0.7730377271935276,51.27569068269542,10.207884
                -0.7730377271935276,51.27569068269542,10.099364000000001
                -0.7730385871414522,51.27569105937875,10.099364000000001
                -0.7730385871414522,51.27569105937875,10.099364000000001
                -0.7730368103107013,51.27569150184746,10.099364000000001
                -0.7730350334799442,51.275691944316186,10.291786000000002
                -0.773037670258626,51.27569187853079,10.291786000000002
                -0.7730385302065507,51.27569225521412,10.168698999999997
                -0.7730368103107013,51.27569150184746,10.168698999999997
                -0.773035950362777,51.27569112516414,10.168698999999997
                -0.7730377271935276,51.27569068269542,10.168698999999997
                -0.7730377271935276,51.27569068269542,10.168698999999997
                -0.7730368672456033,51.275690306012095,10.168698999999997
                -0.7730368672456033,51.275690306012095,10.168698999999997
                -0.7730368672456033,51.275690306012095,10.168698999999997
                -0.7730368672456033,51.275690306012095,10.168698999999997
                -0.7730360072976785,51.27568992932877,10.049357999999998
                -0.7730360072976785,51.27568992932877,10.049357999999998
                -0.7730360072976785,51.27568992932877,10.049357999999998
                -0.7730360072976785,51.27568992932877,10.049357999999998
                -0.7730360072976785,51.27568992932877,9.940134
                -0.7730368672456033,51.275690306012095,9.940134
                -0.7730368672456033,51.275690306012095,9.940134
                -0.7730368672456033,51.275690306012095,9.940134
                -0.7730360072976785,51.27568992932877,9.940134
                -0.7730360072976785,51.27568992932877,9.940134
                -0.7730360072976785,51.27568992932877,9.940134
                -0.7730360072976785,51.27568992932877,9.940134
                -0.7730377271935276,51.27569068269542,9.792616000000002
                -0.7730394470893769,51.275691436062075,9.792616000000002
                -0.7730377841284295,51.27568948686005,9.792616000000002
                -0.7730378410633441,51.27568829102467,9.563000000000002
                -0.7730405347769083,51.275687029403926,9.281649999999999
                -0.7730405347769083,51.275687029403926,9.281649999999999
                -0.7730405347769083,51.275687029403926,9.281649999999999
                -0.7730405347769083,51.275687029403926,9.281649999999999
                -0.7730405347769083,51.275687029403926,9.281649999999999
                -0.7730405347769083,51.275687029403926,9.281649999999999
                -0.7730405347769083,51.275687029403926,9.281649999999999
                -0.7730405347769083,51.275687029403926,9.281649999999999
                -0.7730405347769083,51.275687029403926,9.281649999999999
                -0.7730405347769083,51.275687029403926,9.281649999999999
                -0.7730405347769083,51.275687029403926,9.281649999999999
                -0.7730396748289835,51.2756866527206,9.281649999999999
                -0.7730388148810589,51.27568627603728,9.281649999999999
                -0.773041451659754,51.27568621025187,9.134597999999997
                -0.773041451659754,51.27568621025187,9.134597999999997
                -0.7730432284904981,51.27568576778316,8.972405000000002
                -0.7730475851650227,51.27568645536442,8.738014
                -0.7730493050608718,51.27568720873107,8.614230999999997
                -0.7730484451129475,51.27568683204775,8.614230999999997
                -0.7730475851650227,51.27568645536442,8.614230999999997
                -0.773046725217098,51.27568607868109,8.614230999999997
                -0.773046725217098,51.27568607868109,8.485681
                -0.7730493619957802,51.2756860128957,8.315117999999998
                -0.7730467821520065,51.27568488284572,8.315117999999998
                -0.7730459222040817,51.27568450616239,8.422891999999997
                -0.7730459222040817,51.27568450616239,8.422891999999997
                -0.7730450622561571,51.27568412947907,8.422891999999997
                -0.7730432854254,51.275684571947785,8.545278000000003
                -0.773040705581626,51.27568344189781,8.545278000000003
                -0.7730372657899279,51.275681935164506,8.752988000000002
                -0.7730364058420032,51.27568155848118,8.752988000000002
                -0.773039042620685,51.27568149269578,8.752988000000002
                -0.7730407625165344,51.27568224606244,8.617024999999998
                -0.7730399025686097,51.275681869379106,8.617024999999998
                -0.7730355458940785,51.27568118179785,8.791702999999991
                -0.7730364627769113,51.27568036264581,8.791702999999991
                -0.7730424824123834,51.27568299942909,8.406624999999998
                -0.7730502219437045,51.27568638957902,8.033920000000002
                -0.7730544647484191,51.275689468831025,7.720534000000001
                -0.7730604843838912,51.27569210561431,7.460856999999997
                -0.7730665040193634,51.2756947423976,7.2496089999999995
                -0.77305613363374,51.27570973224692,5.366301
                -0.7730504615320388,51.27571823466532,3.7008239999999972
                -0.7730646073944424,51.275679262323166,5.382694000000001
                -0.7730792715953345,51.27564784167657,6.638688999999999
                -0.7730862650485344,51.27564846347245,6.3444980000000015
                -0.7730862081136264,51.275649659307824,6.3444980000000015
                -0.7730800746083507,51.27564941419528,6.647739000000001
                -0.7730721073374165,51.27565080738682,7.058182000000002
                -0.7730746302462818,51.27565313327217,6.855795999999998
                -0.7730842035432622,51.275654885118016,6.313685999999997
                -0.7731007702934488,51.27565725875973,5.292976000000003
                -0.7731207199004257,51.27566233497012,3.9974750000000014
                -0.7731180831217436,51.275662400755515,4.1205890000000025
                -0.773099853410616,51.27565807791178,5.262703999999999
                -0.7731015733064651,51.27565883127843,5.109805999999999
                -0.7731332146506027,51.275658041853724,2.8527270000000016
                -0.7731288010411699,51.275658550107835,2.988281999999998
                -0.7731252473796615,51.27565943504527,3.150731999999998
                -0.7731243874317372,51.275659058361946,3.150731999999998
                -0.7731216937181535,51.27566031998271,3.316361999999998
                -0.773118140056652,51.27566120492014,3.316361999999998
                -0.7731155032779699,51.27566127070554,3.5122380000000035
                -0.7731119496164683,51.27566215564297,3.6620959999999982
                -0.7731110327336356,51.27566297479502,3.6620959999999982
                -0.7731163062909865,51.27566284322424,3.420054999999998
                -0.7731207199004257,51.27566233497012,3.221989999999998
                -0.7731189430696682,51.27566277743884,3.221989999999998
                -0.7731127526294846,51.27566372816167,3.5997449999999986
                -0.7731101158508094,51.27566379394706,3.7645880000000034
                -0.7730994548662914,51.27566644875937,4.329112000000002
                -0.773090627647426,51.27566746526759,5.154921999999999
                -0.7730889077515766,51.27566671190094,5.154921999999999
                -0.7730881616734554,51.275663943546874,5.443480000000001
                -0.7730844372072423,51.27566841599042,4.946821
                -0.7730799097280061,51.27567131591527,4.749468999999998
                -0.7730801944025276,51.27566533673841,5.613280000000003
                -0.7730812251551635,51.27566212591563,6.000925000000002
                -0.773081339024967,51.27565973424489,6.000925000000002
                -0.7730832297255276,51.27565690010543,6.000925000000002
                -0.7730869541917476,51.27565242766188,6.515053000000002
                -0.7730925124236261,51.27564631691425,7.348263000000003
                -0.7730953769419214,51.27564146778737,7.869849000000002
                -0.7731018520566197,51.2756345378877,7.869849000000002
                -0.7731073533535967,51.27562962297542,7.659362999999999
                -0.773104602705105,51.27563208043156,7.659362999999999
                -0.77309732457739,51.275637437812534,7.805523000000001
                -0.7730837421396688,51.275646137587096,7.938805000000002
                -0.7730727964806293,51.27565477157626,8.172950999999998
                -0.7730709057800688,51.275657605715715,8.172950999999998
                -0.773070045832144,51.27565722903239,8.172950999999998
                -0.7730682690013869,51.27565767150111,8.313263
                -0.7730691289493112,51.27565804818444,8.313263
                -0.773069988897236,51.275658424867764,8.16158
                -0.7730674090534623,51.27565729481778,8.16158
                -0.7730706151811806,51.27564527067869,7.210239000000001
                -0.773071702868725,51.27564086402053,7.0573010000000025
                -0.7730699260379675,51.27564130648925,7.0573010000000025
                -0.773066429311361,51.27564099559132,7.245902000000001
                -0.7730647094155116,51.27564024222467,7.359957999999999
                -0.7730682061421185,51.2756405531226,7.2084449999999975
                -0.773073479699482,51.275640421551806,6.886727999999998
                -0.7730813331006067,51.27564142003101,6.500683000000002
                -0.7730918802153149,51.27564115688944,5.9084
                -0.7730980137205836,51.275641402001995,5.574187000000002
                -0.7730997336164326,51.275642155368644,5.574187000000002
                -0.7731005935643573,51.27564253205197,5.469977999999998
                -0.7731075300826687,51.2756443496832,5.278919000000002
                -0.7731153834838064,51.275645348162385,5.015208999999999
                -0.7731144666009736,51.275646167314434,5.015208999999999
                -0.7731144666009736,51.275646167314434,5.015208999999999
                -0.7731135497181408,51.275646986466484,5.015208999999999
                -0.7731126897702161,51.27564660978316,5.015208999999999
                -0.7731117728873769,51.27564742893521,5.015208999999999
                -0.7731108560045636,51.27564824808724,4.892783000000001
                -0.7731108560045636,51.27564824808724,4.892783000000001
                -0.7731099391217309,51.27564906723929,4.892783000000001
                -0.7731099391217309,51.27564906723929,4.892783000000001
                -0.7731090222389047,51.275649886391335,4.892783000000001
                -0.773114295796262,51.27564975482055,4.678581999999999
                -0.7731204293015372,51.275649999933094,4.302095000000001
                -0.7731195124186979,51.27565081908514,4.302095000000001
                -0.7731195124186979,51.27565081908514,4.302095000000001
                -0.7731185955358847,51.27565163823718,4.405600999999997
                -0.7731176786530519,51.27565245738923,4.405600999999997
                -0.7731176786530519,51.27565245738923,4.405600999999997
                -0.7731167617702257,51.27565327654127,4.520985000000003
                -0.7731167617702257,51.27565327654127,4.520985000000003
                -0.7731158448873929,51.27565409569331,4.520985000000003
                -0.7731158448873929,51.27565409569331,4.671982
                -0.7731149280045667,51.275654914845354,4.671982
                -0.7731149280045667,51.275654914845354,4.671982
                -0.7731140111217405,51.2756557339974,4.671982
                -0.7731140111217405,51.2756557339974,4.671982
                -0.773112234290983,51.27565617646612,4.671982
                -0.773112234290983,51.27565617646612,4.671982
                -0.7731113174081633,51.27565699561816,4.671982
                -0.7731113174081633,51.27565699561816,4.671982
                -0.7731104005253305,51.275657814770206,4.671982
                -0.7731095405774062,51.27565743808688,4.671982
                -0.7731086236945734,51.27565825723893,4.671982
                -0.7731059869158913,51.275658323024324,4.671982
                -0.7731086236945734,51.27565825723893,4.671982
                -0.7731077068117407,51.27565907639097,4.671982
                -0.7731033501372225,51.27565838880971,4.8069890000000015
                -0.7731042100851472,51.275658765493034,4.8069890000000015
                -0.7730989934626914,51.275657701228454,4.8069890000000015
                -0.7731024901892979,51.275658012126385,4.430869999999999
                -0.7731277702885336,51.27566176093062,3.3490030000000033
                -0.7731520765700348,51.27566752472227,2.6514239999999987
                -0.7731633128279628,51.27567122577014,2.5243249999999975
                -0.7731615359972053,51.27567166823886,2.5243249999999975
                -0.7731588992185301,51.27567173402425,2.7259320000000002
                -0.7731553455570217,51.275672618961686,2.895431000000002
                -0.7731544856090974,51.27567224227836,2.895431000000002
                -0.7731535687262711,51.2756730614304,2.895431000000002
                -0.7731526518434383,51.27567388058245,2.895431000000002
                -0.7731526518434383,51.27567388058245,2.895431000000002
                -0.7731517918955136,51.27567350389913,2.895431000000002
                -0.7731508750126939,51.27567432305116,3.0247519999999994
                -0.7731500150647692,51.27567394636784,3.0247519999999994
                -0.7731482382340121,51.275674388836556,3.0247519999999994
                -0.7731493259215496,51.27566998217841,2.856484000000002
                -0.7731513304919071,51.275664756368215,2.5533980000000014
                -0.7731478907002091,51.27566324963491,2.5533980000000014
                -0.7731437048304091,51.275658974547525,2.5533980000000014
                -0.7731369960517238,51.27565237357481,2.5533980000000014
                -0.7731269044162421,51.27564307003341,2.6680100000000024
                -0.7731160667026457,51.27563099813795,2.6680100000000024
                -0.7731017891973513,51.27561741950918,2.6680100000000024
                -0.7730859056660171,51.27560069584302,2.6680100000000024
                -0.7730674422909095,51.27558284212688,2.77158
                -0.7730473728897622,51.275561843373346,2.77158
                -0.7730256405276679,51.27553889541779,2.901283999999997
                -0.7730013852567014,51.275513621576884,2.901283999999997
                -0.7729746070768627,51.27548602185063,3.003565000000002
                -0.7729452490532503,51.27545729207441,3.003565000000002
                -0.7729151449515298,51.2754257939441,3.003565000000002
                -0.7728833778888619,51.275392346611774,3.003565000000002
                -0.7728481710344823,51.27535739254616,3.105001999999999
                -0.7728121611671063,51.275320865961824,3.105001999999999
                -0.7727369293802561,51.27524152271838,3.105001999999999
                -0.772697707460775,51.27519870605928,3.105001999999999
                -0.7726558487626123,51.275155955185575,3.105001999999999
                -0.7726131870514529,51.27511163179315,3.105001999999999
                -0.7725705822751885,51.27506611256536,3.105001999999999
                -0.772523620824406,51.27501990575631,3.105001999999999
                -0.7724758563605811,51.27497212642857,3.105001999999999
                -0.7724281488316773,51.274923151265455,3.105001999999999
                -0.7723804413027541,51.27487417610236,3.105001999999999
                -0.7723318738259325,51.27482482425591,2.9955750000000023
                -0.7722823894662714,51.27477629156151,2.9955750000000023
                -0.7722311852107612,51.27472700550046,2.9955750000000023
                -0.7721791779422281,51.27467614692072,2.8786210000000025
                -0.7721288336346426,51.274627237542994,2.8786210000000025
                -0.7720808983661127,51.27458304572137,2.8786210000000025
                -0.7720389257981596,51.27454268651839,2.761004
                -0.7720002791520886,51.27450622571946,2.761004
                -0.771962321649237,51.274473729109964,2.917873
                -0.7719268870552509,51.27444355838582,2.917873
                -0.7718957522008876,51.27441527107831,3.0603989999999968
                -0.7718689170861409,51.27438886718743,3.0603989999999968
                -0.7718526290861151,51.27436220015498,3.202834000000003
                -0.7718433345393027,51.27433615491839,3.3035909999999973
                -0.7718436702243588,51.27431066569228,3.4560749999999985
                -0.7718536361413032,51.27428573247665,3.6230290000000025
                -0.7718696216937132,51.27426343604431,3.6230290000000025
                -0.7718916268816083,51.27424377639524,3.8004779999999982
                -0.771916098043461,51.27422763846689,3.8004779999999982
                -0.7719430921141659,51.27421382642391,3.992524000000003
                -0.7719708891979135,51.27420158689961,3.992524000000003
                -0.7720004061775031,51.27419010074196,4.142643999999997
                -0.7720280324565326,51.27418144872378,4.142643999999997
                -0.77205651868348,51.274173173388924,4.142643999999997
                -0.7720840880276144,51.2741657172061,4.142643999999997
                -0.7721107974238173,51.27415788433996,4.0281169999999875
                -0.7721357299892566,51.27415049394254,4.0281169999999875
                -0.7721606625547089,51.274143103545114,4.0281169999999875
                -0.7721812384456301,51.27413502556643,4.0281169999999875
                -0.772199177557876,51.27412701337313,4.0281169999999875
                -0.7722171166701219,51.27411900117984,4.0281169999999875
                -0.772235858795384,51.27411256150524,4.0281169999999875
                -0.7722536271029184,51.27410813681806,4.0281169999999875
                -0.772266981801007,51.274104220385,4.0281169999999875
                -0.772275922889682,51.274100812206036,4.0281169999999875
                -0.7722776997204395,51.27410036973731,4.0281169999999875
                -0.772275922889682,51.274100812206036,4.0281169999999875
                -0.772275922889682,51.274100812206036,4.0281169999999875
                -0.7722750060068558,51.27410163135808,4.0281169999999875
                -0.7722750060068558,51.27410163135808,4.0281169999999875
                -0.7722750060068558,51.27410163135808,4.0281169999999875
                -0.7722750060068558,51.27410163135808,4.0281169999999875
                -0.7722750060068558,51.27410163135808,4.0281169999999875
                -0.7722741460589315,51.27410125467475,4.0281169999999875
                -0.7722732291761052,51.27410207382679,4.0281169999999875
                -0.7722732291761052,51.27410207382679,4.0281169999999875
                -0.7722732291761052,51.27410207382679,4.0281169999999875
                -0.7722732291761052,51.27410207382679,4.0281169999999875
                -0.7722732291761052,51.27410207382679,4.0281169999999875
                -0.7722740891240295,51.27410245051012,4.0281169999999875
                -0.7722732291761052,51.27410207382679,3.9041599999999974
                -0.7722732291761052,51.27410207382679,3.9041599999999974
                -0.7722732291761052,51.27410207382679,3.9041599999999974
                -0.7722723692281805,51.274101697143465,3.9041599999999974
                -0.7722723692281805,51.274101697143465,3.795701000000001
                -0.7722723692281805,51.274101697143465,3.795701000000001
                -0.7722723692281805,51.274101697143465,3.795701000000001
                -0.7722732291761052,51.27410207382679,3.795701000000001
                -0.7722732291761052,51.27410207382679,3.795701000000001
                -0.7722723122932724,51.27410289297884,3.795701000000001
                -0.7722723122932724,51.27410289297884,3.687986000000002
                -0.7722714523453478,51.274102516295514,3.687986000000002
                -0.7722714523453478,51.274102516295514,3.687986000000002
                -0.7722705354625216,51.274103335447556,3.687986000000002
                -0.7722705354625216,51.274103335447556,3.687986000000002
                -0.7722705354625216,51.274103335447556,3.687986000000002
                -0.7722705354625216,51.274103335447556,3.687986000000002
                -0.7722687586317771,51.27410377791627,3.687986000000002
                -0.7722687586317771,51.27410377791627,3.687986000000002
                -0.7722687586317771,51.27410377791627,3.687986000000002
                -0.7722687586317771,51.27410377791627,3.687986000000002
                -0.7722678417489313,51.27410459706832,3.580660999999999
                -0.7722678417489313,51.27410459706832,3.580660999999999
                -0.7722678417489313,51.27410459706832,3.580660999999999
                -0.7722678417489313,51.27410459706832,3.580660999999999
                -0.772266981801007,51.274104220385,3.580660999999999
                -0.7722660649181873,51.274105039537034,3.4783240000000006
                -0.7722669248661116,51.274105416220365,3.4783240000000006
                -0.7722669248661116,51.274105416220365,3.4783240000000006
                -0.7722669248661116,51.274105416220365,3.4783240000000006
                -0.7722651480353611,51.274105858689076,3.4783240000000006
                -0.7722651480353611,51.274105858689076,3.4783240000000006
                -0.7722660079832854,51.27410623537241,3.4783240000000006
                -0.7722651480353611,51.274105858689076,3.4783240000000006
                -0.7722651480353611,51.274105858689076,3.4783240000000006
                -0.7722642311525283,51.274106677841125,3.4783240000000006
                -0.7722660079832854,51.27410623537241,3.4783240000000006
                -0.7722660079832854,51.27410623537241,3.345652000000001
                -0.7722660079832854,51.27410623537241,3.345652000000001
                -0.7722660079832854,51.27410623537241,3.345652000000001
                -0.7722660079832854,51.27410623537241,3.345652000000001
                -0.7722660079832854,51.27410623537241,3.225909999999999
                -0.7722660079832854,51.27410623537241,3.225909999999999
                -0.77226686793121,51.27410661205573,3.225909999999999
                -0.77226686793121,51.27410661205573,3.225909999999999
                -0.77226686793121,51.27410661205573,3.225909999999999
                -0.77226686793121,51.27410661205573,3.225909999999999
                -0.77226686793121,51.27410661205573,3.225909999999999
                -0.77226686793121,51.27410661205573,3.106175999999998
                -0.77226686793121,51.27410661205573,3.106175999999998
                -0.77226686793121,51.27410661205573,3.106175999999998
                -0.77226686793121,51.27410661205573,3.106175999999998
                -0.7722659510483773,51.27410743120778,3.005865
                -0.7722659510483773,51.27410743120778,3.005865
                -0.7722650911004526,51.27410705452445,3.005865
                -0.7722660079832854,51.27410623537241,3.005865
                -0.77226686793121,51.27410661205573,3.005865
                -0.77226686793121,51.27410661205573,3.005865
                -0.77226686793121,51.27410661205573,3.005865
                -0.77226686793121,51.27410661205573,3.005865
                -0.77226686793121,51.27410661205573,2.8996939999999967
                -0.77226686793121,51.27410661205573,2.8996939999999967
                -0.77226686793121,51.27410661205573,2.8996939999999967
                -0.7722660079832854,51.27410623537241,2.776715000000003
                -0.7722660079832854,51.27410623537241,2.776715000000003
                -0.7722660079832854,51.27410623537241,2.776715000000003
                -0.7722660079832854,51.27410623537241,2.776715000000003
                -0.7722660079832854,51.27410623537241,2.776715000000003
                -0.7722660079832854,51.27410623537241,2.776715000000003
                -0.7722660079832854,51.27410623537241,2.776715000000003
                -0.7722660079832854,51.27410623537241,2.776715000000003
                -0.7722660079832854,51.27410623537241,2.776715000000003
                -0.7722660079832854,51.27410623537241,2.776715000000003
                -0.7722669248661116,51.274105416220365,2.776715000000003
                -0.7722660649181873,51.274105039537034,2.776715000000003
                -0.7722660649181873,51.274105039537034,2.776715000000003
                -0.7722660649181873,51.274105039537034,2.776715000000003
                -0.7722660649181873,51.274105039537034,2.776715000000003
                -0.7722660649181873,51.274105039537034,2.776715000000003
                -0.7722660649181873,51.274105039537034,2.6746320000000026
                -0.7722660649181873,51.274105039537034,2.6746320000000026
                -0.7722660649181873,51.274105039537034,2.6746320000000026
                -0.7722660649181873,51.274105039537034,2.6746320000000026
                -0.7722660649181873,51.274105039537034,2.6746320000000026
                -0.7722660649181873,51.274105039537034,2.6746320000000026
                -0.7722660649181873,51.274105039537034,2.6746320000000026
                -0.7722661218530823,51.274103843701674,2.6746320000000026
                -0.7722661218530823,51.274103843701674,2.6746320000000026
                -0.7722661218530823,51.274103843701674,2.6746320000000026
                -0.7722661218530823,51.274103843701674,2.6746320000000026
                -0.7722661218530823,51.274103843701674,2.6746320000000026
                -0.7722661218530823,51.274103843701674,2.6746320000000026
                -0.7722670387359281,51.27410302454962,2.6746320000000026
                -0.7722670387359281,51.27410302454962,2.6746320000000026
                -0.7722670387359281,51.27410302454962,2.572898000000002
                -0.7722670387359281,51.27410302454962,2.572898000000002
                -0.7722670387359281,51.27410302454962,2.572898000000002
                -0.7722670387359281,51.27410302454962,2.4703310000000016
                -0.7722679556187478,51.274102205397575,2.4703310000000016
                -0.7722697324494988,51.274101762928865,2.4703310000000016
                -0.7722912252232527,51.27409286579813,2.4703310000000016
                -0.7723600032841246,51.274068057822575,2.4703310000000016
                -0.7724832878249468,51.27402317745657,2.4703310000000016
                -0.772661021910792,51.27395942053551,2.340947
                -0.7728924025286629,51.27387521454068,2.340947
                -0.7731781757566681,51.273773327826156,2.153652000000001
                -0.7735158186859352,51.27365143450658,2.006743
                -0.7739034975508189,51.27351117288604,1.8925350000000023
                -0.7743394924554559,51.27335178959789,1.7422699999999978
                -0.774823689530044,51.273175676312874,1.5324579999999983
                -0.7753534519959006,51.27298289881638,1.193289
                -0.7759269460873862,51.272775095412484,0.8087349999999986
                -0.776541591960695,51.272551136051234,0.34259099999999876
                -0.7771972188111476,51.272314608238716,-0.15238500000000244
                -0.7778894130292917,51.272066020229055,-0.7019439999999975
                -0.7786182884849504,51.2718029803515,-1.2784389999999988
                -0.7801620674261663,51.27124011623812,0.5132369999999966
                -0.7809765723673919,51.270948662849875,6.337207999999997
                -0.7817875236471095,51.270658094399074,17.852510000000002
                -0.782583286463086,51.270373080685424,33.71831400000001
                -0.7833621409194459,51.27009286834228,52.234916
                -0.7841148553286396,51.26980853051158,71.115445
                -0.7848260016385782,51.269493776844186,89.203778
                -0.7854575084765808,51.26911850240136,106.51916299999999
                -0.7860165460249454,51.26869805568673,121.20910699999999
                -0.7864888996376461,51.268235976450036,135.951508
                -0.7868858625074859,51.267734769903804,150.590963
                -0.7871779745898093,51.267204726370274,163.253607
                -0.7873283779180167,51.26664557100958,174.327122
                -0.7873858617842019,51.2660835581128,185.221566
                -0.7872858221485466,51.265511142315106,196.779671
                -0.7870406968263783,51.26492522633543,209.07149
                -0.7865647365379073,51.26433830114136,225.16821800000002
                -0.7860244746572657,51.26379279404724,246.03004800000002
                -0.7852976573962741,51.26333037459629,264.984373
                -0.7844052141040041,51.262972418225374,275.893955
                -0.783498517003913,51.2626741400812,287.317085
                -0.782622972531247,51.26245909188623,302.978107
                -0.7817097907764655,51.26231545318818,306.470032
                -0.7812133516956526,51.26221397136913,318.640619
                -0.7805743580702743,51.262303967441554,330.39615
                -0.7797664552691619,51.26227236595262,343.875781
                -0.7788278035304546,51.262423985049324,358.467061
                -0.7776700144869725,51.262587043510415,363.017157
                -0.776901224353007,51.26296932629974,391.115458
                -0.7760499493088026,51.26300051834762,413.634023
                -0.775193116032719,51.263037821143136,426.4057379999999
                -0.774319716006449,51.26307275029694,441.795741
                -0.7734429271990221,51.26308666266819,453.693394
                -0.7725462908057006,51.263056478730526,462.281627
                -0.7716413846938229,51.26297872451963,467.472399
                -0.7707255661603527,51.26283515160698,469.550851
                -0.7698569522816441,51.26260360682934,468.961691
                -0.7690067092969465,51.262281226319914,467.3719929999999
                -0.7682185688318831,51.26185298417131,464.377111
                -0.7675888391296389,51.26134275470218,459.234424
                -0.7670841648746005,51.260768888184444,456.431479
                -0.7668274320632535,51.26009487509971,454.8330309999999
                -0.7666485381956103,51.259408568403614,456.0412959999999
                -0.7666401121348316,51.258700490595196,457.844188
                -0.7667777396539662,51.257985583767436,458.275096
                -0.7670905451126395,51.25727904682416,457.3697169999999
                -0.7682278405094486,51.255960704184155,455.616052
                -0.7690122094183909,51.255361843621984,452.118888
                -0.7699623774720583,51.25483927044789,447.473196
                -0.7710364527348732,51.254424686479034,440.116317
                -0.7722084090294528,51.25411157455714,432.775948
                -0.7735033674990811,51.2539438994203,425.3110389999999
                -0.7748284656166251,51.253917607697055,422.05051
                -0.7761566523764518,51.254047707265784,418.518508
                -0.7774331876346502,51.254340739644505,411.287431
                -0.7786171865107918,51.2547519389721,400.561999
                -0.7796829134264147,51.25528712312729,387.572779
                -0.7806543152805031,51.2559042882723,370.1214079999999
                -0.7815018750934664,51.25661492056478,354.4824229999999
                -0.7821931995186927,51.257398726861474,335.787207
                -0.7827278271525885,51.258246959631464,316.321004
                -0.7830535976949902,51.25916729044278,298.18914
                -0.783233206712042,51.26011515615806,280.114031
                -0.7832656744616426,51.26107425755083,262.901362
                -0.7831835650951164,51.26206130025824,253.582092
                -0.7830390329882467,51.263050298498385,249.599763
                -0.7828540323183935,51.26404110267144,250.347287
                -0.7826253510334589,51.26502742270264,255.52602100000001
                -0.7822761750180011,51.26600002716668,262.08563
                -0.7816495441949014,51.26691824059503,270.242167
                -0.7809482687070489,51.26780009506792,276.715886
                -0.7801501666375223,51.268650523526595,282.664178
                -0.7792160219911884,51.26944502352586,286.358404
                -0.77817208868505,51.2701853288825,287.338782
                -0.7769730741535995,51.2708454962034,287.75462
                -0.7756957925122722,51.27143475691386,286.066143
                -0.7742908851199577,51.2719388150765,283.80919
                -0.7728388964826773,51.27238074388695,280.433978
                -0.771384430022706,51.27278252254891,277.703256
                -0.7699007194089253,51.27315317976391,277.09548
                -0.7683979701466405,51.27349962740258,279.170886
                -0.7668321481626194,51.27378792790751,281.982276
                -0.7652439319863515,51.27395654936269,284.342233
                -0.7636582304858472,51.27392484451512,288.985404
                -0.7621015941013388,51.273725196432544,295.449389
                -0.7606511844820383,51.27337797574192,310.249777
                -0.7593234034977681,51.272907457804976,328.8649
                -0.7581101249216352,51.272355251747115,349.72353
                -0.7559071578453918,51.27118275353586,399.365719
                -0.7549465996292538,51.2705959745002,428.793964
                -0.7540098981397706,51.270042840153025,457.649093
                -0.7530845016918248,51.26952883944614,483.858753
                -0.7521591230169858,51.269069781380885,506.096272
                -0.751202234640914,51.26866406371125,525.639992
                -0.7501949236336347,51.26832171361793,540.409346
                -0.7491465414768823,51.268067580502134,551.162793
                -0.7480791562178013,51.26789912309333,558.263929
                -0.747002688687161,51.26782923243901,563.223155
                -0.7459203627857748,51.267900827041736,555.364248
                -0.7448467680065249,51.26802873944864,536.27128
                -0.7437744162551978,51.26827805302381,525.123557
                -0.742784592191543,51.26865629510309,512.67015
                -0.7418765378887191,51.26912406890464,499.017517
                -0.7411578037722053,51.26972726400885,485.45778099999995
                -0.7405831423626893,51.27040211275946,469.593337
                -0.7401872872622293,51.27113819326339,454.564387
                -0.7399904668279238,51.27191628834033,439.242379
                -0.7399333446530167,51.27271040684073,424.705252
                -0.740138237384917,51.27349599759993,409.772822
                -0.7404982386552157,51.27426895949008,393.076733
                -0.7410405133393357,51.275011892962084,377.557036
                -0.741809185682858,51.275683087047064,362.186366
                -0.742708984119587,51.27627377081749,345.93549
                -0.7436658060207713,51.27682839386893,331.483155
                -0.7447447559915854,51.27730711062015,317.688265
                -0.7459265107090226,51.27769169067165,305.844768
                -0.7471567404221913,51.27801693312167,292.65754
                -0.7484379621156165,51.27826684964166,281.552826
                -0.7497333178226856,51.278441165391754,272.349122
                -0.7510455581919095,51.278537422915804,266.475312
                -0.7523826564185966,51.27857254323614,263.757038
                -0.753747818630432,51.27853450221369,264.348291
                -0.7550855467566695,51.278390444584645,264.348291
                -0.7563932550291618,51.278120926085144,263.96609
                -0.7588133863785567,51.27725829719059,260.205308
                -0.7598965202154563,51.27667188961173,263.071228
                -0.7608217533949233,51.275972368860856,272.935487
                -0.7616951109487677,51.27527454050115,282.57968
                -0.7625519586873601,51.27457314266433,294.177019
                -0.7634070865300772,51.27387099146089,307.361319
                -0.7642858943703509,51.27318775823817,320.860951
                -0.7652356852684129,51.27256247479299,336.408643
                -0.7663007779719843,51.27202309950593,351.116581
                -0.7674760756528183,51.27158449065552,365.533739
                -0.7687680142637995,51.2712958568191,375.6325620000001
                -0.770088411788635,51.27109171455263,383.788692
                -0.7714220109799673,51.27094218600084,393.411886
                -0.7727353758898087,51.2707935604155,405.066526
                -0.7740188703618894,51.27062696757228,419.2570799999999
                -0.7752532730942806,51.27038515697318,436.107707
                -0.7763796462244908,51.27003376662111,456.605337
                -0.777393701861664,51.26960754152719,477.43269599999996
                -0.77823489019289,51.26905066044308,495.527375
                -0.7788588533086284,51.26839130346521,508.921598
                -0.7793157647117399,51.26768196747743,520.499218
                -0.7794840989190717,51.26691214773537,529.46142
                -0.7794519810120153,51.266148523518446,535.769465
                -0.7790920426009785,51.26539268000682,541.115987
                -0.7784956718299796,51.264698076505425,543.974331
                -0.7777101599104895,51.26406711638334,545.83277
                -0.7767366123031406,51.26355033562405,547.102689
                -0.7756193928418671,51.26313786834499,546.231069
                -0.7744193123165867,51.26280629976214,541.817272
                -0.7731875002748394,51.262551169130255,536.128206
                -0.7719720450167538,51.26235813812322,519.656728
                -0.7707198575106119,51.262199069033336,508.09494199999995
                -0.7694409214464599,51.26210397128661,496.770162
                -0.7680901838471758,51.26207874657618,490.10742300000004
                -0.7667213363309215,51.262065121565165,488.490595
                -0.7653698016429685,51.26205663854993,485.771157
                -0.7640197591112388,51.26205369224284,481.840646
                -0.7626716072800891,51.26204791179627,477.05805699999996
                -0.7613240307223357,51.26204848720989,472.0909659999999
                -0.7599715850759237,51.262059137560584,467.421869
                -0.7586186329397371,51.26209886464349,463.1997699999999
                -0.757268563094927,51.262188685241185,458.806724
                -0.7559257322160502,51.26232928693491,454.345525
                -0.7546242653942762,51.26257834466232,449.819583
                -0.7533834681795433,51.262899146181276,445.614976
                -0.7511615803320466,51.26383884555787,430.9584629999999
                -0.7501790995641295,51.26441318660888,423.132749
                -0.7493547412688916,51.26507754327653,416.060179
                -0.7486923378579885,51.26580673723266,410.355305
                -0.7481719907349919,51.266576182217605,404.162684
                -0.7478149649340287,51.26738176444213,397.028815
                -0.7476163795177064,51.26819693041554,390.396042
                -0.7475945211320539,51.26902480714622,383.4820409999999
                -0.7476926332140695,51.269840533534605,375.327055
                -0.7479365142014703,51.27065541008051,367.55802
                -0.7483017320942184,51.271429436235245,348.747927
                -0.7487900696474437,51.27218048374397,334.351661
                -0.7494332192157867,51.27288825313277,319.963323
                -0.7501943797676075,51.27355127372633,307.423599
                -0.7510878738943493,51.27414529989032,298.421392
                -0.7520994300150909,51.27467506720984,289.797637
                -0.753224628596026,51.27512276972514,282.223668
                -0.7544726325410899,51.27546190170186,291.361351
                -0.7557651533516981,51.27573263764823,292.673696
                -0.7570660850637531,51.27595578529233,291.835023
                -0.758509924778524,51.27601690846049,298.826734
                -0.7600146773043014,51.27601559674615,285.586224
                -0.7615146449894017,51.27593039722871,275.026556
                -0.763033187610672,51.27567632178248,265.100314
                -0.7645518654904652,51.27530877354683,256.470983
                -0.7660176132945452,51.274872871669594,251.14899100000002
                -0.7674526307129474,51.27441862585114,250.66470399999997
                -0.7688863267798315,51.27395525581844,251.299267
                -0.7703100569297712,51.27351681900137,248.96074099999998
                -0.7717473635930652,51.27305136819586,246.501689
                -0.7731940098893592,51.272574138363794,243.926556
                -0.774632227511106,51.27208955419237,246.1938
                -0.7760330118928631,51.27159833932088,258.271813
                -0.7786310576728069,51.27052065645272,306.047673
                -0.7796883812232352,51.2698863199463,333.179341
                -0.7805662603319624,51.269167277447856,361.142557
                -0.7812890072048423,51.26838760696291,389.342793
                -0.7817146343375989,51.267542490055064,417.033674
                -0.7819459879473972,51.266665989521776,442.202019
                -0.781884653199612,51.2657784769531,461.178393
                -0.7815850464018189,51.26493552848489,476.009056
                -0.781119169515728,51.264155254644116,481.905266
                -0.7804584224445492,51.26344832243641,481.69608000000005
                -0.7796471180116955,51.26282437602841,476.46286699999996
                -0.7787649526239583,51.26234274036024,462.724971
                -0.7774064554115111,51.26207484488402,516.642779
                -0.7762761682353987,51.26184465283537,499.412336
                -0.7750543872785868,51.26176604534059,508.33570499999996
                -0.7738580299126614,51.26178036604871,502.155443
                -0.77267895213759,51.26187428144351,497.41393300000004
                -0.7715258436049613,51.26197590983199,487.85637599999995
                -0.7704412521561438,51.2621319662773,481.54844
                -0.7693917240700681,51.262233797389555,469.716601
                -0.7682876835796814,51.262337386678375,462.101983
                -0.7671714780998131,51.2624014656436,454.868165
                -0.7660501461698513,51.26238883181796,448.30588
                -0.7649687229938159,51.26223864086667,439.598809
                -0.7640120172711825,51.26186596411869,430.461651
                -0.7631240896094279,51.26146847939515,420.4529479999999
                -0.7623757618015878,51.26096001443329,410.02319
                -0.7617620686623016,51.26040797848255,396.4497239999999
                -0.7613875526070959,51.25977393085156,381.2378419999999
                -0.7612396168647506,51.25910118475519,366.835888
                -0.7612750481481252,51.258412317796406,354.689971
                -0.7616221435783387,51.257741554070805,345.619626
                -0.7621853528390479,51.25710441604157,336.234987
                -0.7629705425340941,51.25656207063976,329.245306
                -0.7639350058661503,51.256108018736086,326.368933
                -0.7650272835270127,51.25579052451575,323.825243
                -0.7661932106461344,51.255622485357016,319.959849
                -0.7674133559550728,51.25560637674499,317.995768
                -0.7686291801356684,51.255699465835015,314.957807
                -0.7697952375908099,51.25593433938172,312.960442
                -0.7708841689429342,51.25625872758473,307.224065
                -0.7719100121089564,51.256654363986584,303.369993
                -0.7728967709227688,51.257078048914124,301.586683
                -0.773873956439601,51.25749998199582,300.651621
                -0.7748271262738272,51.25792848632288,300.794361
                -0.7757756488346332,51.25834396803166,301.188226
                -0.7767129351375252,51.25875574869256,301.853768
                -0.7785594082119262,51.259542586073884,303.265535
                -0.7794543803374288,51.25992118254404,303.9465829999999
                -0.7803256783897349,51.26029917524735,304.365418
                -0.7811567984779334,51.26069130892061,304.473403
                -0.7819260200886562,51.26111126403604,303.843956
                -0.782628986547373,51.261558353012376,301.944216
                -0.7832640918280506,51.26202943081222,300.519457
                -0.7837803831122468,51.26254368488858,298.766004
                -0.7841973996138736,51.26307793387168,297.38328
                -0.7844782833663763,51.26363190292161,297.041067
                -0.7846528360238413,51.2641881267039,296.690975
                -0.7846862611249534,51.26473990873309,295.766473
                -0.7845867536802735,51.26528107247615,294.685998
                -0.7843935178361952,51.265799491950524,293.887821
                -0.7841066674625018,51.266292775485496,293.054479
                -0.7837157123794003,51.26675999038726,291.819048
                -0.7832744817723286,51.2672137285037,290.579932
                -0.7827468008935801,51.26763936497048,290.19411
                -0.7821352495869147,51.268038029837584,290.804223
                -0.7814731321574042,51.268410882882335,291.812025
                -0.7807657790973271,51.268756596698566,293.132089
                -0.7800426563757198,51.269083195177906,295.244339
                -0.7792925277346736,51.269386977272454,297.043307
                -0.7785370626769691,51.26967377255931,298.739091
                -0.7777882435387069,51.26995005044034,300.0618
                -0.7770516344761002,51.27022801438184,301.520905
                -0.7763175483223526,51.27050830420869,304.247563
                -0.7755956153093656,51.27079147593136,307.5087
                -0.7748792974631523,51.27106734107103,310.183888
                -0.7741583323435263,51.271330183592404,311.672419
                -0.7734324352759725,51.27158598267234,312.752485
                -0.7727108948829494,51.271842469333535,313.922141
                -0.7719886084118055,51.27209618764066,315.406702
                -0.7712548579431271,51.2723509882414,317.406514
                -0.7705135446722061,51.272617125399975,320.043933
                -0.7697614565469506,51.2728883090416,323.808836
                -0.7682371598847451,51.27342918762058,340.637782
                -0.7674785337855093,51.27369018278338,354.551593
                -0.766727242748923,51.273944624729815,370.127174
                -0.7659796761785368,51.27419459423271,385.3385470000001
                -0.765227923738344,51.27444028864823,399.023354
                -0.7644575371183322,51.27467171685372,410.081345
                -0.7636640457741597,51.27489058293866,418.363581
                -0.7628337474739426,51.27508966413447,425.178359
                -0.7619638856448275,51.2752531036834,431.070576
                -0.7610581278181399,51.275377624977246,436.9012349999999
                -0.7601253071370924,51.2754805257217,442.023427
                -0.7591663404845177,51.27556098676471,446.4021799999999
                -0.7581794510296778,51.27561945057498,450.435989
                -0.7571703737334843,51.275664533112675,455.282903
                -0.7561419161793831,51.275692581086254,461.0878389999999
                -0.7550948244454433,51.275706362849824,467.7318
                -0.7540343720890345,51.27570574683258,475.52666999999997
                -0.7529579792663968,51.275689602984535,484.75430700000004
                -0.7518753900792022,51.275656095645445,494.42846199999997
                -0.7507864337227522,51.27560881232141,504.712759
                -0.7496915656762729,51.27553818632946,515.528766
                -0.7485931890544598,51.27543062101182,526.337608
                -0.7474980636465522,51.27527320729193,536.506455
                -0.7464179381245739,51.275058883699366,545.386372
                -0.745361178303822,51.27477788619495,553.159069
                -0.744316730579802,51.27445955465248,559.182962
                -0.7433117539035894,51.274068175308976,562.915824
                -0.7423731854109937,51.2735911319568,564.183907
                -0.7415315728342476,51.27301372761553,562.814715
                -0.7407802761782889,51.27236479390484,559.006607
                -0.7401560964748215,51.27164580149998,552.683045
                -0.7396698714374095,51.27086882229642,543.436004
                -0.7394295381871563,51.270034746599194,531.995991
                -0.7393456289024462,51.26917885203329,518.659501
                -0.739529235821527,51.26830951481391,503.94225200000005
                -0.7400148766555714,51.26745772481723,488.63965499999995
                -0.7407593440418057,51.26666437386008,473.642405
                -0.7417922984514709,51.2660071551835,458.628102
                -0.743051493873295,51.26550275102798,446.338705
                -0.7444382758843062,51.265139687897296,434.325334
                -0.7458877890076303,51.26484194691257,425.867307
                -0.7488574553957594,51.264661951467396,394.960967
                -0.7503882067858139,51.264759923816136,383.428441
                -0.7519256396414667,51.26495726404239,371.9991380000001
                -0.7534407944834434,51.26521687152232,361.407733
                -0.7549554487600325,51.26552386994834,352.12346
                -0.7564726947291031,51.26586862685212,344.623717
                -0.7579986030366942,51.26623426896767,339.977811
                -0.7595354059927836,51.266610787143314,336.882188
                -0.7610868849985054,51.26699251310013,337.033001
                -0.7626272416160967,51.26736814633834,342.8504619999999
                -0.7641525746502846,51.26772743259371,366.333833
                -0.765604413566566,51.26806307161394,396.611571
                -0.7669873997139532,51.26836977180347,439.326711
                -0.7683293183275058,51.268598665210185,486.780846
                -0.7696394461809035,51.26872085442907,532.786288
                -0.770945916042995,51.26869861070968,576.87922
                -0.7722188574760075,51.26851396679414,617.323844
                -0.7734466475264161,51.26820822090993,651.04313
                -0.7746070473423841,51.2677875018337,676.374569
                -0.7757154221167187,51.26726098153609,699.190989
                -0.7766097267927355,51.26663947125489,708.074437
                -0.7773406982979847,51.265945195306344,711.069672
                -0.7778303838189458,51.26519283897257,709.560125
                -0.7781967314798148,51.26432053507983,712.098648
                -0.7782752894935743,51.26351871528407,692.301126
                -0.7781425458306023,51.26267439069023,679.7333
                -0.7777877552583922,51.26188417885078,661.02686
                -0.7772207757484395,51.26114385243472,639.501006
                -0.7764493527564383,51.26047511580586,616.795892
                -0.7755504771268961,51.25990192709728,595.808814
                -0.77461831496537,51.25938252125304,575.506688
                -0.7731483388190646,51.259151248836986,572.967701
                -0.7718278228069236,51.2589891068258,549.684703
                -0.7703465343878165,51.25905074829013,581.422273
                -0.7689678703706291,51.25916955010729,573.145548
                -0.7676071122282211,51.25935479242208,565.812945
                -0.7662899955390933,51.25960065735575,559.014657
                -0.7637924214815837,51.26028287103986,547.987924
                -0.7626178580301374,51.26068761981657,543.434976
                -0.7614762572743393,51.26110070338283,537.884458
                -0.7603631427455153,51.26150551161421,535.658693
                -0.7592636106544056,51.26190162007104,535.658693
                -0.7581793239619387,51.26229097795536,536.640856
                -0.7571114272905866,51.262667982773614,537.961567
                -0.7560616405361916,51.26303338789246,539.179244
                -0.7550252654147999,51.263393680742865,539.346313
                -0.7540067724707524,51.26374715723535,538.917244
                -0.7530112644566757,51.26409727330525,538.378052
                -0.7520409796069455,51.26445233401474,537.215028
                -0.751099932986638,51.264820201957335,533.541511
                -0.7502264806429558,51.26522500289491,527.859242
                -0.7494236638232652,51.26567661440837,520.970708
                -0.7487140689132057,51.266180046922734,512.263447
                -0.7481230898818488,51.266736657571464,503.202003
                -0.7476339263149955,51.26733054184049,493.06539999999995
                -0.7472888176820645,51.26794113711423,479.707725
                -0.7470358883574016,51.26857013578389,466.7494129999999
                -0.7469301121489235,51.26922452720381,458.278283
                -0.746918343090018,51.269877369501664,450.608592
                -0.7470367500040459,51.27052497332791,444.400569
                -0.7472333374712207,51.27115310853055,436.912249
                -0.7475009412336114,51.27176474081984,427.705844
                -0.7478253466451986,51.27236340994552,417.578841
                -0.7482298802453887,51.272938580472776,406.797948
                -0.7486725303044143,51.27350603167565,395.185368
                -0.7491945624739281,51.274047215926025,382.7453879999999
                -0.749722437549842,51.274576310251916,368.8699619999999
                -0.7502590259748049,51.27510677974033,355.387874
                -0.7508719552628695,51.275601104695355,343.272244
                -0.7515740617736745,51.27604781698835,331.419384
                -0.752355829145116,51.276443968938125,320.019692
                -0.7532197174267965,51.27677476805151,307.491139
                -0.7540959806644777,51.27708535150536,294.857966
                -0.7549966462803689,51.27734436443848,282.617189
                -0.7559344936991954,51.277541534557585,269.387711
                -0.7569095229209174,51.277676861862716,256.373797
                -0.7589024566576917,51.27776609012193,225.456753
                -0.7599208166519639,51.27771042439306,209.637268
                -0.7609312544614699,51.2776183275926,194.757956
                -0.7619308996435598,51.27747633463354,179.301328
                -0.7629079976018053,51.277273192772455,162.875609
                -0.7638626681303828,51.27702482455249,146.993814
                -0.7647882083749612,51.27674294321482,129.835722
                -0.7657203376040413,51.27645174030673,113.884141
                -0.7666465551431054,51.27613719473073,99.307996
                -0.7675766110181926,51.27581578504044,85.801949
                -0.7685036256459127,51.27548449776925,72.953754
                -0.769426682143433,51.27514415206921,60.698415
                -0.7703470449273697,51.27480506798993,48.849064999999996
                -0.7712655739456477,51.27446762221474,37.582116
                -0.7721858228597743,51.274130929806205,27.885481999999996
                -0.7731007982165571,51.273794368968446,19.660442000000003
                -0.7740060294716415,51.27345964379095,12.773352999999993
                -0.7749011750156108,51.27313392928595,6.922606000000002
                -0.775787322535997,51.27281281879529,2.7136860000000027
                -0.776663555149993,51.272497131470985,0.22281300000000215
                -0.7775211595085364,51.27218549215054,-1.3909439999999975
                -0.7783617985725617,51.27187985003598,-2.3838300000000032
                -0.7791846123941581,51.27157982844396,-3.2242140000000035
                -0.7799939576478297,51.27128611495577,-3.7574570000000023
                -0.7807881144377473,51.27099795620474,-4.451171000000002
                -0.7815670258290157,51.27071654802623,-4.998767999999998
                -0.7823281119778417,51.27044076037027,-5.5061000000000035
                -0.7830740665978216,51.270169331616096,-6.059902000000001
                -0.7838012221576248,51.269905538371894,-6.1750289999999985
                -0.7845033312821657,51.26965152719587,-6.280151
                -0.7851678992213001,51.269411591204374,-6.280151
                -0.7857905693004517,51.26918504281621,-6.149509999999999
                -0.786370367701924,51.268973897018746,-5.914467000000002
                -0.7869091851262592,51.26877531967255,-5.4175010000000015
                -0.7874167656751618,51.26858747511734,-5.094047000000003
                -0.7878974660231565,51.26841105093438,-4.844034999999998
                -0.7883557567145509,51.26824434303421,-4.728721999999998
                -0.7887961082937196,51.26808564732732,-4.515641000000002
                -0.7892159409168616,51.26793383376375,-4.295861000000002
                -0.7896143946360598,51.26778852566017,-4.1873099999999965
                -0.7899950231128481,51.26764883807912,-4.073363999999998
                -0.7907071610136022,51.26738701206597,-3.8287010000000024
                -0.7910323661276073,51.26726821602741,-3.5508469999999974
                -0.7913299449625698,51.26715807200706,-3.262352
                -0.7915988667658734,51.26705979082766,-3.008716999999997
                -0.7918348317978825,51.26697148907262,-2.746682
                -0.7920413367852092,51.26689347763984,-2.566344000000001
                -0.7922182678580446,51.26682814820008,-2.4047649999999976
                -0.7923727323393849,51.26677373087846,-2.106394999999999
                -0.792508056151151,51.26673412407903,-1.8403929999999988
                -0.792638340069534,51.266708179722784,-1.6393229999999974
                -0.7927670808211457,51.266696208707664,-1.4231750000000005
                -0.7928924446403283,51.26669984933775,-1.0623390000000015
                -0.7930111625400871,51.26671400737363,-0.8941609999999969
                -0.7931267881819448,51.26673779787786,-0.7042160000000024
                -0.7932400676440086,51.266773989204516,-0.43706799999999646
                -0.7933457843038362,51.266821517089,-0.29966699999999946
                -0.7934431920832931,51.26687761317726,-0.29966699999999946
                -0.7935306280214455,51.26694032826726,-0.1062560000000019
                -0.7936074029750666,51.267005698169584,0.07400200000000012
                -0.7936691602696647,51.26707303530294,0.07400200000000012
                -0.7937231780329287,51.26713698228637,0.17663000000000295
                -0.7937739837441207,51.267194639195004,0.29219899999999654
                -0.7938152730932212,51.26724934842243,0.439588999999998
                -0.7938497397938394,51.267299848347875,0.439588999999998
                -0.7938791606767076,51.26734569650263,0.6479479999999995
                -0.7939062863903295,51.26738443543054,0.6479479999999995
                -0.7939273355335844,51.267421733410536,0.5356459999999998
                -0.7939502184424916,51.267457393086445,0.5356459999999998
                -0.7939765980779926,51.2674933636603,0.692143999999999
                -0.7940003409348179,51.26752940001954,0.692143999999999
                -0.7940258606224072,51.26756499391006,0.8501049999999992
                -0.7940504634271572,51.26760140695263,0.9634789999999995
                -0.7940741493490875,51.26763863914723,0.9634789999999995
                -0.794100415114772,51.26767700139183,0.9634789999999995
                -0.7941302914768924,51.2677132828636,1.1329899999999995
                -0.7941618877348489,51.26775031770204,1.328240000000001
                -0.7941926240448872,51.26778697585714,1.328240000000001
                -0.7942250802507683,51.2678243873789,1.5547579999999996
                -0.7942566765087248,51.26786142221734,1.7807949999999977
                -0.794290852610455,51.26789958710575,1.7807949999999977
                -0.7943241687642673,51.26793737531084,1.9422289999999975
                -0.794358401800912,51.267974344363864,1.9422289999999975
                -0.7943944116682816,51.26801087094821,2.146061000000003
                -0.7944375857935952,51.26804443182228,2.3462069999999997
                -0.7945302383541967,51.26810821117687,2.6551839999999984
                -0.7945806336723237,51.26813761050534,2.6551839999999984
                -0.7946356134045947,51.268162914073585,2.8624730000000014
                -0.7946907070066691,51.268185825971095,3.0654749999999993
                -0.7947495250749634,51.268204265425055,3.2354410000000016
                -0.7948093738958871,51.26821949405623,3.2354410000000016
                -0.7948701395996567,51.268233903535354,3.4773210000000034
                -0.7949326821341707,51.268247870545764,3.4773210000000034
                -0.7949951107988746,51.268264229226915,3.5778820000000024
                -0.795059316294336,51.26828014543934,3.7299130000000034
                -0.7951235217897974,51.268296061651775,3.835276999999998
                -0.7951893902461933,51.26831392706624,3.835276999999998
                -0.7952561755854153,51.26833097332866,4.014732000000002
                -0.7953221009767323,51.268347642907734,4.208834000000003
                -0.7953906631467179,51.268364246701424,4.3753969999999995
                -0.7954565316031202,51.26838211211588,4.486676000000003
                -0.7955241199553851,51.26840073089698,4.486676000000003
                -0.7955926251904496,51.268418530526056,4.683504999999997
                -0.7956637672042094,51.268436264369726,4.839751
                -0.7957366291138182,51.26845475158005,4.970227999999999
                -0.7958094910234335,51.26847323879037,5.178432000000001
                -0.7958814360502094,51.26849254515274,5.316229999999997
                -0.7959534380118934,51.26851065567974,5.316229999999997
                -0.7960253830386825,51.2685299620421,5.522559999999999
                -0.7960991048962159,51.268548825935746,5.522559999999999
                -0.7961701330401593,51.26856895145017,5.522559999999999
                -0.7962438548976923,51.26858781534382,5.716217
                -0.7963166598723995,51.26860749838951,5.716217
                -0.7963921585606839,51.26862591981445,5.950898000000002
                -0.7964649635353842,51.26864560286014,5.950898000000002
                -0.7965394884059405,51.26866603927249,5.950898000000002
                -0.7966140702113986,51.268685279849464,6.064295000000001
                -0.7966868751860989,51.26870496289516,6.064295000000001
                -0.7967614569915571,51.26872420347213,6.244441999999999
                -0.7968351219141756,51.268744263201164,6.244441999999999
                -0.7969097037196338,51.26876350377814,6.381476999999997
                -0.7969825656292555,51.26878199098845,6.514729000000003
                -0.7970563444216906,51.268799659046735,6.694065999999999
                -0.7971309262271483,51.26881889962371,6.9063310000000016
                -0.7972055080326061,51.268838140200685,7.028787000000001
                -0.7972800898380643,51.26885738077766,7.028787000000001
                -0.797352894812778,51.268877063823346,7.222583
                -0.7974283365661605,51.26889668108365,7.385468000000003
                -0.7975029183716117,51.26891592166063,7.520789000000001
                -0.797575666411404,51.2689368005417,7.520789000000001
                -0.7976502482168621,51.26895604111868,7.622774999999997
                -0.7977239700743952,51.26897490501233,7.752575999999998
                -0.7977977488668306,51.26899257307061,7.9668629999999965
                -0.7978714707243637,51.26901143696426,8.097605999999999
                -0.7979451925818971,51.26903030085791,8.097605999999999
                -0.798018054491506,51.26904878806823,8.320770999999993
                -0.7980909164011147,51.26906727527856,8.320770999999993
                -0.7981654982065725,51.269086515855534,8.320770999999993
                -0.7982400800120306,51.26910575643251,8.320770999999993
                -0.7983155217654131,51.26912537369281,8.320770999999993
                -0.7983926834146445,51.269145744319765,8.199955000000003
                -0.7984689281810436,51.26916693409877,8.06955
                -0.7985495296219736,51.269188811459024,7.880434000000001
                -0.7986291572451691,51.2692127038067,7.880434000000001
                -0.7987068372329021,51.2692406261292,7.880434000000001
                -0.7987772390929077,51.2692739058327,7.772599999999997
                -0.7988385859944472,51.269312985385874,7.772599999999997
                -0.7988945454687937,51.269354588180605,7.653993999999997
                -0.7989406469716711,51.26940041830632,7.653993999999997
                -0.7989778643207681,51.269448460775635,7.653993999999997
                -0.7990036746072394,51.26949638970318,7.653993999999997
                -0.7990224914405039,51.269543696834866,7.774123000000003
                -0.7990325379898113,51.269590824639394,7.774123000000003
                -0.7990337573202531,51.269638968952144,7.902020999999998
                -0.7990260924969277,51.269689325608496,7.902020999999998
                -0.7990096573896454,51.26973950293769,8.008150999999998
                -0.798986342698979,51.269786666800265,8.008150999999998
                -0.7989543146592379,51.269832455500335,8.108952000000002
                -0.7989162100491359,51.26987680325248,8.108952000000002
                -0.7988721427384567,51.26991731838598,8.108952000000002
                -0.7988212527792897,51.26995362421749,8.108952000000002
                -0.7987644001195521,51.26998609743036,8.108952000000002
                -0.7987034185249098,51.27001309972048,7.984085
                -0.7986375049823263,51.27003305856916,7.567545000000003
                -0.7985673486350351,51.27004993816584,7.029564999999998
                -0.7985022381054814,51.270071469533214,6.814315000000001
                -0.7984354646149735,51.27009105169857,6.182084000000003
                -0.7983981511691478,51.270100343541664,-0.4845929999999967
                -0.798347659754318,51.270128278525576,-13.656858
                -0.7982969975347575,51.270159801015616,-28.09593
                -0.7982428385886101,51.27019101260771,-36.158433
                -0.7981669532047284,51.27021759045814,-35.192335
                -0.798089120185378,51.2702481982834,-33.677260000000004
                -0.798013980879611,51.27027754448789,-32.484579000000004
                -0.7979337957561,51.27030223892169,-31.577849
                -0.7977687272251368,51.27035811522025,-29.766162
                -0.7976839007525865,51.27038810124963,-28.694228000000003
                -0.7975982143321051,51.270417710595694,-27.833745999999998
                -0.7975116679636989,51.270446943258435,-27.239461
                -0.7974260954130336,51.27047416093375,-26.994098
                -0.7973371400055655,51.2704986760404,-27.295645999999998
                -0.7972473815850741,51.27052161862835,-28.108739999999997
                -0.797183017133648,51.27054591834979,-30.036042000000002
                -0.7971247292525634,51.27057165901916,-31.721763
                -0.7970480408556719,51.27059666435088,-30.961524
                -0.7969721554717837,51.27062324220131,-29.659314000000002
                -0.7968971869707282,51.270649000899695,-28.7319
                -0.7968275489619321,51.27067343219193,-27.913467
                -0.7967649613412439,51.270697289444655,-27.724649
                -0.7967005968898048,51.270721589166094,-27.359844000000002
                -0.7966285498419461,51.27074130290224,-25.267237
                -0.796557362742012,51.2707613933217,-23.111172
                -0.796487667798314,51.2707870204493,-22.412249
                -0.796416252958767,51.27081189421024,-21.820959
                -0.7963403675748721,51.27083847206068,-21.056687
                -0.7962644252560889,51.270866245746475,-20.52768
                -0.7961893428852302,51.270894396115594,-19.958251
                -0.7961152343320995,51.2709205314973,-19.428135
                -0.7960437056227424,51.27094779692899,-18.872514
                -0.7959695970696051,51.2709739323107,-18.32839
                -0.795898182230058,51.27099880607165,-17.55316
                -0.7958258505076777,51.271024498984644,-16.83038
                -0.7957552956160554,51.27104974942891,-16.277025
                -0.7956811301280227,51.271077080645995,-15.886045
                -0.7956060477571575,51.27110523101512,-15.458984999999998
                -0.7955282716727087,51.271134643005006,-14.925104000000001
                -0.7954522724190174,51.27116361252617,-14.640744999999999
                -0.7953763870351421,51.27119019037659,-14.384379
                -0.7953031953648441,51.271215506606254,-14.034016000000001
                -0.7952308067075493,51.271242395354626,-13.729726
                -0.7951611117638516,51.271268022482225,-13.488063
                -0.7950904999373207,51.27129446876187,-13.286919999999999
                -0.7950216649415339,51.27132047257281,-13.045651
                -0.7949545498416161,51.271347229750376,-12.834513999999999
                -0.7948866317286625,51.271372414409264,-12.615912999999999
                -0.7948222672772298,51.2713967141307,-12.430243999999998
                -0.7947655284873022,51.271426795672824,-11.184208000000002
                -0.7947205442937972,51.271468129958365,-8.370173999999999
                -0.794667074490856,51.271503305739905,-6.470459999999999
                -0.7945983533648991,51.27152691788008,-6.170559000000001
                -0.7945305491217487,51.27154971086823,-5.980522000000001
                -0.7944636617614504,51.27157168470431,-5.810788000000002
                -0.7943967174662245,51.27159485437579,-5.567765000000001
                -0.7943307469887464,51.27161600905984,-5.673994999999998
                -0.7942655795242846,51.27163873626259,-5.673994999999998
                -0.7941986921639602,51.2716607100987,-5.5388829999999984
                -0.7941344415823507,51.271682618149384,-5.326614999999997
                -0.794071740091846,51.27170886707286,-4.564566999999997
                -0.7940082355883251,51.27173354347763,-4.1094539999999995
                -0.7939396283321648,51.27175476394708,-4.298918999999998
                -0.7938677520890242,51.2717708901771,-4.985660000000003
                -0.7937992587026674,51.2717897189758,-5.193224000000001
                -0.7937356972642511,51.27181559121595,-4.654293000000003
                -0.7936685821643201,51.27184234839353,-3.942013000000003
                -0.7936032438951467,51.27186866310239,-3.5303770000000014
                -0.7935388794437076,51.27189296282383,-3.256793000000002
                -0.7934727950964064,51.27191650917863,-3.256793000000002
                -0.7934084875798819,51.271939613064696,-3.075229
                -0.793341486349761,51.271963978571534,-2.845782
                -0.7932744851196466,51.271988344078366,-2.6154810000000026
                -0.7932092607202763,51.272012267116494,-2.458624999999998
                -0.7931431194380867,51.27203700930665,-2.229719000000003
                -0.7930769781558835,51.27206175149682,-2.054935999999998
                -0.7930125567695429,51.27208724705363,-1.90278
                -0.7929446386565957,51.272112431712515,-1.727646
                -0.7928776943613765,51.27213560138399,-1.5435009999999991
                -0.7928106931312685,51.27215996689082,-1.382604999999998
                -0.792742775018321,51.2721851515497,-1.1908049999999974
                -0.7926731370095249,51.272209582841924,-0.9294220000000024
                -0.7926008052871316,51.27223527575493,-0.7150729999999967
                -0.792529333512683,51.27226134535125,-0.5123159999999984
                -0.7924570017903031,51.27228703826424,-0.21870499999999993
                -0.7923838101200116,51.27231235449389,-0.043481999999997356
                -0.7923114783976314,51.27233804740688,0.10893099999999833
                -0.7922391466752515,51.272363740319875,0.2190039999999982
                -0.7921668149528782,51.27238943323287,0.2190039999999982
                -0.7920944262955965,51.272416321981225,0.2190039999999982
                -0.7919460953195313,51.272470984415385,0.2190039999999982
                -0.7918710698835613,51.272497938949144,0.2190039999999982
                -0.7917950706298699,51.27252690847031,0.2190039999999982
                -0.7917181544933523,51.27255669714352,0.2190039999999982
                -0.7916422121745625,51.27258447082932,0.3569450000000032
                -0.7915671867386055,51.272611425363074,0.3569450000000032
                -0.7914948550162256,51.272637118276066,0.5156630000000035
                -0.7914251600725275,51.272662745403665,0.5156630000000035
                -0.7913590187903179,51.27268748759384,0.5156630000000035
                -0.7912955712217181,51.27271096816323,0.6305249999999987
                -0.7912339574187707,51.272732810428536,0.6305249999999987
                -0.7911725713554173,51.27274986935238,0.7580889999999982
                -0.7911095792660437,51.27276378323881,0.8864429999999999
                -0.7910485348121264,51.27277366715042,0.8864429999999999
                -0.7909850243842451,51.27278002934131,0.8864429999999999
                -0.7909226016439077,51.27278198487404,0.8864429999999999
                -0.7908612665911084,51.27277953374861,0.7642779999999973
                -0.7908018222388699,51.272774248483735,0.7642779999999973
                -0.7907454132096314,51.27276052658587,0.7642779999999973
                -0.7906872842845503,51.27274605132135,0.7642779999999973
                -0.7906284662162563,51.27272761186739,0.7642779999999973
                -0.7905689590047487,51.272705208224,0.9428359999999998
                -0.7905106533505893,51.2726760062517,0.8314120000000003
                -0.7904542953318987,51.27264277430458,0.8314120000000003
                -0.7904032678054604,51.272608214951305,0.8314120000000003
                -0.7903577415759993,51.27256874068576,0.8314120000000003
                -0.790317545838797,51.27252793901407,1.0220389999999995
                -0.7902809606979981,51.27248505656957,1.234963999999998
                -0.7902478722838119,51.27244248502299,1.3983929999999987
                -0.7902138669867803,51.27240073262848,1.523451999999999
                -0.7901781417939127,51.272358226867304,1.6470910000000032
                -0.7901397228874675,51.272316982726885,1.8203949999999978
                -0.7901014178508262,51.27227334691573,1.9738609999999994
                -0.7900640296970107,51.27222889195253,1.9738609999999994
                -0.7900240047645201,51.27218450277473,2.1264249999999976
                -0.789984839779954,51.27214049028024,2.1264249999999976
                -0.7899481977042533,51.27209880367111,2.1264249999999976
                -0.7899123017066871,51.272059885416034,2.1264249999999976
                -0.7898790424877703,51.27202090137559,2.1264249999999976
                -0.7898465293469875,51.2719846856892,2.2700559999999967
                -0.7898156791671523,51.27195041920483,2.2700559999999967
                -0.7897856889352284,51.27191652940379,2.426752999999998
                -0.7897565017163279,51.27188421212145,2.426752999999998
                -0.7897265114844105,51.27185032232041,2.426752999999998
                -0.7896948013566444,51.271815679152716,2.426752999999998
                -0.7896640650466124,51.271779020997606,2.5465680000000006
                -0.7896307488928068,51.27174123279252,2.6485529999999997
                -0.7895947959603192,51.27170351037283,2.6485529999999997
                -0.7895606767934906,51.27166414964905,2.6485529999999997
                -0.7895247807959115,51.27162523139398,2.6485529999999997
                -0.7894827512930502,51.27158606802637,2.6485529999999997
                -0.7894415817381133,51.271547281342094,2.881194999999998
                -0.7894048257926094,51.2715079864037,2.881194999999998
                -0.7893697897429549,51.271469444831965,2.999459999999999
                -0.7893373335370804,51.27143203331019,2.999459999999999
                -0.7892994899040257,51.271397145029965,2.999459999999999
                -0.7892598694402265,51.27136269921845,2.7752899999999983
                -0.7892262686118995,51.271330890190214,2.7752899999999983
                -0.7891988012888542,51.27129932627452,2.622176000000003
                -0.7891704740178781,51.27126738567551,2.7949079999999995
                -0.7891334903327611,51.27123287407859,3.1626329999999996
                -0.7890930099210374,51.27119805158375,3.934531
                -0.7890612428583563,51.27116460425144,4.368386000000001
                -0.7890311956915438,51.27113191028576,4.368386000000001
                -0.7889918029673582,51.271092681132764,4.799638000000002
                -0.7889506334124217,51.271053894448485,4.977034000000003
                -0.7889173741935112,51.271014910408034,4.977034000000003
                -0.7888876117012202,51.2709762372655,4.977034000000003
                -0.7888541816776045,51.27094084073116,4.977034000000003
                -0.7888178871357071,51.270910293323674,4.736531999999997
                -0.7887804479713441,51.27088534840974,4.572991000000002
                -0.7887376213798265,51.27086292673732,4.413415999999998
                -0.7886920441398242,51.27084296252103,4.286357000000002
                -0.7886445192643529,51.27082702827958,4.088546000000001
                -0.7885932699226619,51.27081556648167,3.911605999999999
                -0.7885409328934462,51.270808511341905,3.911605999999999
                -0.7884892280725221,51.27080661622696,3.783704
                -0.7884372955119914,51.270809504453496,3.5734289999999973
                -0.7883852490816378,51.27081478435078,3.5734289999999973
                -0.7883303950679168,51.27082371753956,3.449733000000002
                -0.7882717596530682,51.27083831900725,3.449733000000002
                -0.7882138703163274,51.270855688829016,3.316282000000001
                -0.7881539764092229,51.27087828446098,3.316282000000001
                -0.7880940255672035,51.270902075928326,3.316282000000001
                -0.7880340747252036,51.27092586739565,3.0854110000000006
                -0.7879794543754497,51.270948331456836,3.0854110000000006
                -0.7879266677913547,51.270969157213926,3.0854110000000006
                -0.7878756580380172,51.2709895405023,3.0854110000000006
                -0.7878291188290144,51.27100821970119,3.0854110000000006
                -0.7877799428413295,51.271026964685475,2.9719199999999972
                -0.7877307668536444,51.271045709669764,2.8581080000000014
                -0.7876833107618084,51.2710652080207,2.8581080000000014
                -0.7876386053184642,51.271082248915505,2.7372220000000027
                -0.7875974535366219,51.27109840487287,2.7372220000000027
                -0.7875213404131206,51.27112976606478,2.7372220000000027
                -0.7874837992277008,51.271143841249334,2.7372220000000027
                -0.7874480348730125,51.27115747396519,2.7372220000000027
                -0.7874095768047409,51.271172368301805,2.7372220000000027
                -0.7873710618015738,51.27118845847379,2.7372220000000027
                -0.7873290500718199,51.27120423774782,2.7372220000000027
                -0.7872834277456429,51.27122209779466,2.601635999999999
                -0.7872369454715415,51.271239581158184,2.601635999999999
                -0.7871877694838562,51.27125832614247,2.601635999999999
                -0.7871358997825945,51.27127833274752,2.601635999999999
                -0.7870822532505748,51.27129878182129,2.601635999999999
                -0.7870267729528965,51.271320869199144,2.4900980000000033
                -0.7869695727593754,51.271342203210345,2.4900980000000033
                -0.786909678852277,51.2713647988423,2.344462
                -0.7868471481664843,51.27138746025967,2.344462
                -0.7867845605458088,51.27141131751238,2.2351779999999977
                -0.7867246097037897,51.27143510897972,2.2351779999999977
                -0.7866656326795111,51.27145688545965,2.086700999999998
                -0.7866074586682491,51.27148023445827,2.086700999999998
                -0.7865520353054725,51.27150112600076,2.086700999999998
                -0.786495638124974,51.27152403253065,2.246273000000002
                -0.7864417069184397,51.27155046078127,2.727845000000002
                -0.7863889203343452,51.27157128653836,2.727845000000002
                -0.786338770528932,51.27159204651006,2.727845000000002
                -0.7862937804110601,51.27161506658172,2.727845000000002
                -0.7862479872801715,51.27163651413468,2.8400960000000026
                -0.7861997281753259,51.271654439966916,2.8400960000000026
                -0.7861551366017786,51.271669089190986,2.735256999999997
                -0.7861096281454116,51.27168455756709,2.735256999999997
                -0.7860658395848807,51.27170077930986,2.5541040000000024
                -0.7860212480113465,51.271715428533916,2.4174539999999993
                -0.7859810700472385,51.27172956950387,2.4174539999999993
                -0.7859408351482224,51.271744906309195,2.4174539999999993
                -0.7859023770799569,51.27175980064581,2.4174539999999993
                -0.785864835894531,51.27177387583037,2.4174539999999993
                -0.7858272947090983,51.27178795101493,2.5511709999999965
                -0.7857888935757478,51.271801649516156,2.5511709999999965
                -0.785751352390315,51.27181572470072,2.5511709999999965
                -0.7857147280877085,51.27182898073324,2.5511709999999965
                -0.7856789067981251,51.271843809284455,2.5511709999999965
                -0.7856422824955251,51.27185706531697,2.5511709999999965
                -0.7856065181408434,51.27187069803282,2.5511709999999965
                -0.7855707537861681,51.27188433074866,2.6839009999999988
                -0.7855412368065784,51.27189581690631,2.6839009999999988
                -0.7855188840848998,51.27190433735371,2.7888400000000004
                -0.7855027787383129,51.27191071124292,2.7888400000000004
                -0.7854956144804014,51.271913676953154,2.9141580000000005
                -0.7854929207668242,51.271914938573914,2.9141580000000005
                -0.7854929207668242,51.271914938573914,2.9141580000000005
                -0.785493780714749,51.27191531525724,3.0429049999999975
                -0.7854929207668242,51.271914938573914,3.0429049999999975
                -0.785493780714749,51.27191531525724,3.0429049999999975
                -0.7854928638319031,51.2719161344093,3.0429049999999975
                -0.7854928638319031,51.2719161344093,3.1493150000000014
                -0.7854928638319031,51.2719161344093,3.1493150000000014
                -0.7854919469490834,51.27191695356134,3.1493150000000014
                -0.7854928638319031,51.2719161344093,3.2511599999999987
                -0.7854919469490834,51.27191695356134,3.2511599999999987
                -0.7854928638319031,51.2719161344093,3.2511599999999987
                -0.7854928638319031,51.2719161344093,3.2511599999999987
                -0.7854920038839784,51.27191575772597,3.2511599999999987
                -0.7854910870011587,51.271916576878006,3.2511599999999987
                -0.7854919469490834,51.27191695356134,3.0934979999999968
                -0.7854919469490834,51.27191695356134,3.0934979999999968
                -0.7854919469490834,51.27191695356134,2.987380999999999
                -0.7854919469490834,51.27191695356134,2.987380999999999
                -0.7854928638319031,51.2719161344093,2.987380999999999
                -0.7854928638319031,51.2719161344093,2.8504190000000023
                -0.7854928638319031,51.2719161344093,2.8504190000000023
                -0.7854901701183195,51.27191739603006,2.8504190000000023
                -0.7854875333396507,51.27191746181545,2.8504190000000023
                -0.785483062795316,51.271919165904926,2.8504190000000023
                -0.7854795091338146,51.27192005084236,2.8504190000000023
                -0.7854759554723131,51.27192093577979,2.8504190000000023
                -0.7854714849279588,51.27192263986929,2.8504190000000023
                -0.7854643776049558,51.27192440974415,2.8504190000000023
                -0.7854572702819524,51.271926179619015,2.8504190000000023
                -0.7854492460761032,51.27192876864594,2.8504190000000023
                -0.7854412218702606,51.27193135767286,2.9519930000000016
                -0.7854340576123491,51.2719343233831,2.9519930000000016
                -0.7854295870680148,51.27193602747258,2.9519930000000016
                -0.7854295870680148,51.27193602747258,2.9519930000000016
                -0.7854296440029099,51.27193483163722,2.9519930000000016
                -0.7854305608857427,51.27193401248517,2.9519930000000016
                -0.7854314208336673,51.27193438916849,3.0963920000000016
                -0.7854323377165001,51.271933570016444,3.0963920000000016
                -0.7854323377165001,51.271933570016444,3.0963920000000016
                -0.7854341145472575,51.271933127547726,3.248477000000001
                -0.7854341145472575,51.271933127547726,3.248477000000001
                -0.7854341145472575,51.271933127547726,3.248477000000001
                -0.7854349744951818,51.27193350423105,3.248477000000001
                -0.7854349744951818,51.27193350423105,3.248477000000001
                -0.7854349744951818,51.27193350423105,3.248477000000001
                -0.7854349744951818,51.27193350423105,3.248477000000001
                -0.7854341145472575,51.271933127547726,3.248477000000001
                -0.7854350314300773,51.271932308395684,3.1353700000000018
                -0.7854350314300773,51.271932308395684,3.1353700000000018
                -0.7854350314300773,51.271932308395684,2.997197
                -0.7854358913780016,51.271932685079015,2.997197
                -0.7854358913780016,51.271932685079015,2.997197
                -0.7854358913780016,51.271932685079015,2.997197
                -0.7854358913780016,51.271932685079015,2.997197
                -0.7854358913780016,51.271932685079015,2.997197
                -0.7854358913780016,51.271932685079015,2.997197
                -0.7854358913780016,51.271932685079015,2.997197
                -0.7854367513259263,51.27193306176234,2.997197
                -0.7854367513259263,51.27193306176234,2.997197
                -0.7854358344431066,51.271933880914375,2.997197
                -0.7854358344431066,51.271933880914375,2.997197
                -0.7854358344431066,51.271933880914375,2.997197
                -0.7854358344431066,51.271933880914375,2.997197
                -0.7854358344431066,51.271933880914375,2.997197
                -0.7854358344431066,51.271933880914375,2.997197
                -0.7854358344431066,51.271933880914375,2.997197
                -0.7854358344431066,51.271933880914375,2.997197
                -0.7854358344431066,51.271933880914375,2.997197
                -0.7854349175602738,51.271934700066424,2.997197
                -0.7854349175602738,51.271934700066424,2.997197
                -0.7854349175602738,51.271934700066424,2.997197
                -0.7854358344431066,51.271933880914375,3.0980869999999996
                -0.7854349175602738,51.271934700066424,3.0980869999999996
                -0.7854340576123491,51.2719343233831,3.0980869999999996
                -0.7854349744951818,51.27193350423105,3.0980869999999996
                -0.7854349744951818,51.27193350423105,3.0980869999999996
                -0.7854349744951818,51.27193350423105,3.0980869999999996
                -0.7854349744951818,51.27193350423105,3.0980869999999996
                -0.7854349744951818,51.27193350423105,3.0980869999999996
                -0.7854341145472575,51.271933127547726,3.2080720000000014
                -0.7854349744951818,51.27193350423105,3.2080720000000014
                -0.7854350314300773,51.271932308395684,3.2080720000000014
                -0.7854350314300773,51.271932308395684,3.310526000000003
                -0.7854350314300773,51.271932308395684,3.310526000000003
                -0.7854350314300773,51.271932308395684,3.310526000000003
                -0.7854359483129101,51.27193148924364,3.310526000000003
            </coordinates>
        </LineString>
    </Placemark>
</Document>
</kml>